-- MySQL dump 10.13  Distrib 5.6.19, for osx10.7 (i386)
--
-- Host: 127.0.0.1    Database: HTML5Chat
-- ------------------------------------------------------
-- Server version	5.6.24

/*!40101 SET @OLD_CHARACTER_SET_CLIENT=@@CHARACTER_SET_CLIENT */;
/*!40101 SET @OLD_CHARACTER_SET_RESULTS=@@CHARACTER_SET_RESULTS */;
/*!40101 SET @OLD_COLLATION_CONNECTION=@@COLLATION_CONNECTION */;
/*!40101 SET NAMES utf8 */;
/*!40103 SET @OLD_TIME_ZONE=@@TIME_ZONE */;
/*!40103 SET TIME_ZONE='+00:00' */;
/*!40014 SET @OLD_UNIQUE_CHECKS=@@UNIQUE_CHECKS, UNIQUE_CHECKS=0 */;
/*!40014 SET @OLD_FOREIGN_KEY_CHECKS=@@FOREIGN_KEY_CHECKS, FOREIGN_KEY_CHECKS=0 */;
/*!40101 SET @OLD_SQL_MODE=@@SQL_MODE, SQL_MODE='NO_AUTO_VALUE_ON_ZERO' */;
/*!40111 SET @OLD_SQL_NOTES=@@SQL_NOTES, SQL_NOTES=0 */;

--
-- Table structure for table `chat_friend`
--

DROP TABLE IF EXISTS `chat_friend`;
/*!40101 SET @saved_cs_client     = @@character_set_client */;
/*!40101 SET character_set_client = utf8 */;
CREATE TABLE `chat_friend` (
  `id` int(11) NOT NULL AUTO_INCREMENT COMMENT '唯一id',
  `userId` int(11) NOT NULL COMMENT '用户id',
  `friendId` int(11) NOT NULL COMMENT '好友id',
  `setId` int(11) NOT NULL COMMENT '所属组别',
  `status` int(1) NOT NULL DEFAULT '0' COMMENT '状态（0：正常，1：删除）',
  `create_in` datetime NOT NULL DEFAULT CURRENT_TIMESTAMP,
  PRIMARY KEY (`id`),
  KEY `userId_idx` (`userId`),
  KEY `groupId_idx` (`setId`),
  KEY `friend_fk_frientId_idx` (`friendId`),
  CONSTRAINT `friend_fk_frientId` FOREIGN KEY (`friendId`) REFERENCES `chat_login` (`id`) ON DELETE NO ACTION ON UPDATE NO ACTION,
  CONSTRAINT `friend_fk_setId` FOREIGN KEY (`setId`) REFERENCES `chat_friendSet` (`setId`) ON DELETE NO ACTION ON UPDATE NO ACTION,
  CONSTRAINT `friend_fk_userId` FOREIGN KEY (`userId`) REFERENCES `chat_login` (`id`) ON DELETE NO ACTION ON UPDATE NO ACTION
) ENGINE=InnoDB AUTO_INCREMENT=23 DEFAULT CHARSET=utf8 COMMENT='好友关系表';
/*!40101 SET character_set_client = @saved_cs_client */;

--
-- Dumping data for table `chat_friend`
--

LOCK TABLES `chat_friend` WRITE;
/*!40000 ALTER TABLE `chat_friend` DISABLE KEYS */;
INSERT INTO `chat_friend` VALUES (1,1,2,11,0,'2016-05-16 18:34:30'),(2,1,5,1,0,'2016-05-16 18:34:30'),(3,1,7,21,0,'2016-05-16 18:34:30'),(4,5,1,5,0,'2016-05-24 20:17:59'),(5,7,1,6,0,'2016-05-24 20:17:59'),(7,2,1,7,0,'2016-05-25 22:59:42'),(8,2,5,7,0,'2016-05-26 10:34:57'),(11,1,10,1,0,'2016-05-26 15:13:06'),(12,2,7,7,0,'2016-05-26 15:14:39'),(13,11,1,10,0,'2016-05-26 23:10:16'),(15,1,11,11,0,'2016-05-27 11:43:45'),(18,12,1,12,0,'2016-05-27 23:14:25'),(19,1,12,1,0,'2016-05-27 23:14:46'),(20,13,2,15,0,'2016-06-01 15:02:09'),(21,2,13,7,0,'2016-06-01 15:04:13'),(22,1,15,11,0,'2016-06-04 15:14:51');
/*!40000 ALTER TABLE `chat_friend` ENABLE KEYS */;
UNLOCK TABLES;

--
-- Table structure for table `chat_friendSet`
--

DROP TABLE IF EXISTS `chat_friendSet`;
/*!40101 SET @saved_cs_client     = @@character_set_client */;
/*!40101 SET character_set_client = utf8 */;
CREATE TABLE `chat_friendSet` (
  `setId` int(11) NOT NULL AUTO_INCREMENT,
  `userId` int(11) NOT NULL,
  `setName` varchar(45) DEFAULT '我的好友',
  `isDefault` int(1) NOT NULL DEFAULT '1' COMMENT '是否为默认分组(0：是，1：不是)',
  PRIMARY KEY (`setId`),
  KEY `userId_idx` (`userId`),
  CONSTRAINT `userId` FOREIGN KEY (`userId`) REFERENCES `chat_login` (`id`) ON DELETE NO ACTION ON UPDATE NO ACTION
) ENGINE=InnoDB AUTO_INCREMENT=22 DEFAULT CHARSET=utf8 COMMENT='好友分组，组名';
/*!40101 SET character_set_client = @saved_cs_client */;

--
-- Dumping data for table `chat_friendSet`
--

LOCK TABLES `chat_friendSet` WRITE;
/*!40000 ALTER TABLE `chat_friendSet` DISABLE KEYS */;
INSERT INTO `chat_friendSet` VALUES (1,1,'我的好友1',0),(3,9,'我的好友',0),(4,10,'我的好友',0),(5,5,'我的好友',0),(6,7,'我的好友',0),(7,2,'我的好友',0),(10,11,'我的好友',0),(11,1,'分组1',1),(12,12,'我的好友',0),(13,12,'新建的分组',1),(14,12,'1',1),(15,13,'我的好友',0),(17,11,'分组',1),(18,11,'1',1),(19,14,'我的好友',0),(20,15,'我的好友',0),(21,1,'fenzu6456346',1);
/*!40000 ALTER TABLE `chat_friendSet` ENABLE KEYS */;
UNLOCK TABLES;

--
-- Table structure for table `chat_group`
--

DROP TABLE IF EXISTS `chat_group`;
/*!40101 SET @saved_cs_client     = @@character_set_client */;
/*!40101 SET character_set_client = utf8 */;
CREATE TABLE `chat_group` (
  `groupId` int(11) NOT NULL AUTO_INCREMENT COMMENT '群组Id',
  `groupName` varchar(100) NOT NULL COMMENT '群组名',
  `create_by` int(11) NOT NULL COMMENT '创建者Id',
  `create_in` datetime DEFAULT CURRENT_TIMESTAMP COMMENT '创建时间',
  PRIMARY KEY (`groupId`),
  UNIQUE KEY `groupId_UNIQUE` (`groupId`),
  KEY `chat_group_fk_creater_idx` (`create_by`),
  CONSTRAINT `chat_group_fk_creater` FOREIGN KEY (`create_by`) REFERENCES `chat_login` (`id`) ON DELETE NO ACTION ON UPDATE NO ACTION
) ENGINE=InnoDB AUTO_INCREMENT=11 DEFAULT CHARSET=utf8 COMMENT='群';
/*!40101 SET character_set_client = @saved_cs_client */;

--
-- Dumping data for table `chat_group`
--

LOCK TABLES `chat_group` WRITE;
/*!40000 ALTER TABLE `chat_group` DISABLE KEYS */;
INSERT INTO `chat_group` VALUES (2,'换个名字1234',1,'2016-05-11 14:20:08'),(3,'群4',2,'2016-05-25 00:39:43'),(4,'群3',2,'2016-05-26 17:21:15'),(5,'群4',5,'2016-05-26 17:26:37'),(6,'群5',1,'2016-05-27 11:11:52'),(7,'群6',1,'2016-05-27 11:22:50'),(8,'群',1,'2016-05-27 11:31:55'),(9,'我的群组',1,'2016-06-01 15:09:11'),(10,'vuji的群组',11,'2016-06-02 22:58:33');
/*!40000 ALTER TABLE `chat_group` ENABLE KEYS */;
UNLOCK TABLES;

--
-- Table structure for table `chat_groupUser`
--

DROP TABLE IF EXISTS `chat_groupUser`;
/*!40101 SET @saved_cs_client     = @@character_set_client */;
/*!40101 SET character_set_client = utf8 */;
CREATE TABLE `chat_groupUser` (
  `id` int(11) NOT NULL AUTO_INCREMENT,
  `groupId` int(11) NOT NULL,
  `userId` int(11) NOT NULL,
  `role` int(1) DEFAULT '1' COMMENT '角色（0：创建者，1：普通用户，2：管理员）',
  `create_in` datetime DEFAULT CURRENT_TIMESTAMP COMMENT '创建时间',
  PRIMARY KEY (`id`),
  KEY `chat_groupUser_fk_groupId_idx` (`groupId`),
  KEY `chat_groupUser_fk_userId_idx` (`userId`),
  CONSTRAINT `chat_groupUser_fk_groupId` FOREIGN KEY (`groupId`) REFERENCES `chat_group` (`groupId`) ON DELETE NO ACTION ON UPDATE NO ACTION,
  CONSTRAINT `chat_groupUser_fk_userId` FOREIGN KEY (`userId`) REFERENCES `chat_login` (`id`) ON DELETE NO ACTION ON UPDATE NO ACTION
) ENGINE=InnoDB AUTO_INCREMENT=36 DEFAULT CHARSET=utf8;
/*!40101 SET character_set_client = @saved_cs_client */;

--
-- Dumping data for table `chat_groupUser`
--

LOCK TABLES `chat_groupUser` WRITE;
/*!40000 ALTER TABLE `chat_groupUser` DISABLE KEYS */;
INSERT INTO `chat_groupUser` VALUES (2,2,1,0,'2016-05-11 14:20:08'),(5,2,2,1,'2016-05-24 23:40:41'),(6,2,5,1,'2016-05-24 23:40:49'),(7,3,2,0,'2016-05-25 00:39:43'),(9,3,1,1,'2016-05-25 00:40:02'),(21,2,6,1,'2016-05-25 11:23:52'),(22,2,7,1,'2016-05-25 11:23:52'),(23,2,9,1,'2016-05-26 16:20:58'),(24,4,2,0,'2016-05-26 17:21:15'),(26,5,5,0,'2016-05-26 17:26:37'),(29,4,1,1,'2016-05-27 10:38:28'),(30,5,1,1,'2016-05-27 10:46:34'),(31,6,1,0,'2016-05-27 11:11:52'),(32,2,13,1,'2016-06-01 15:02:38'),(33,9,1,0,'2016-06-01 15:09:11'),(34,10,11,0,'2016-06-02 22:58:33'),(35,2,11,1,'2016-06-02 23:11:46');
/*!40000 ALTER TABLE `chat_groupUser` ENABLE KEYS */;
UNLOCK TABLES;

--
-- Table structure for table `chat_info`
--

DROP TABLE IF EXISTS `chat_info`;
/*!40101 SET @saved_cs_client     = @@character_set_client */;
/*!40101 SET character_set_client = utf8 */;
CREATE TABLE `chat_info` (
  `id` int(11) NOT NULL AUTO_INCREMENT,
  `nickName` varchar(50) NOT NULL COMMENT '昵称',
  `picture` varchar(50) DEFAULT '/images/shuijiao.jpg' COMMENT '用户头像',
  `birthday` date DEFAULT NULL COMMENT '生日',
  `address` varchar(200) DEFAULT NULL COMMENT '住址',
  `email` varchar(100) DEFAULT NULL COMMENT '邮箱\n',
  `tel` varchar(20) DEFAULT NULL COMMENT '手机号',
  `sex` int(1) DEFAULT NULL COMMENT '性别',
  `createTime` datetime NOT NULL DEFAULT CURRENT_TIMESTAMP COMMENT '创建时间',
  `updateTime` datetime NOT NULL DEFAULT CURRENT_TIMESTAMP COMMENT '修改时间',
  PRIMARY KEY (`id`),
  UNIQUE KEY `chat_info_id_uindex` (`id`),
  CONSTRAINT `info_fk_login` FOREIGN KEY (`id`) REFERENCES `chat_login` (`id`) ON DELETE NO ACTION ON UPDATE NO ACTION
) ENGINE=InnoDB AUTO_INCREMENT=16 DEFAULT CHARSET=utf8 COMMENT='用户信息表';
/*!40101 SET character_set_client = @saved_cs_client */;

--
-- Dumping data for table `chat_info`
--

LOCK TABLES `chat_info` WRITE;
/*!40000 ALTER TABLE `chat_info` DISABLE KEYS */;
INSERT INTO `chat_info` VALUES (1,'用户1','/userImg/QGzGaxqfnvM440TW7oyfWMEY.jpg','2000-04-06','123213','286808713@qq.com','13276683373',1,'2016-04-10 23:12:41','2016-06-03 13:38:37'),(2,'用户2','/userImg/vChKxEf4RMRPFu0o8vG9M0fw.png','2016-05-10','123123','123123','123123',1,'2016-04-12 22:08:30','2016-05-10 20:16:07'),(5,'我是test','userImg/yehPQoBjYOSpWXX1pwK5KySv.jpg','2016-03-29','1234','3124','3124',1,'2016-04-24 20:43:52','2016-04-24 20:45:35'),(6,'test1','/images/shuijiao.jpg',NULL,NULL,NULL,NULL,NULL,'2016-04-24 20:44:30','2016-04-24 20:44:30'),(7,'test2','/images/shuijiao.jpg',NULL,NULL,NULL,NULL,NULL,'2016-04-24 20:45:10','2016-04-24 20:45:10'),(9,'test3','/images/shuijiao.jpg',NULL,NULL,NULL,NULL,NULL,'2016-05-11 14:08:41','2016-05-11 14:08:41'),(10,'test7','/images/shuijiao.jpg',NULL,NULL,NULL,NULL,NULL,'2016-05-17 00:16:06','2016-05-17 00:16:06'),(11,'用户3','/images/shuijiao.jpg',NULL,NULL,NULL,NULL,NULL,'2016-05-26 23:10:02','2016-05-26 23:10:02'),(12,'testtest','/images/shuijiao.jpg','2016-05-27',NULL,NULL,NULL,NULL,'2016-05-27 21:43:07','2016-05-27 23:14:15'),(13,'1233545','/images/shuijiao.jpg','2016-05-31','13','286808713@qq.com',NULL,1,'2016-06-01 15:00:20','2016-06-01 15:01:37'),(14,'123123123','/images/shuijiao.jpg',NULL,NULL,NULL,NULL,NULL,'2016-06-03 13:37:01','2016-06-03 13:37:01'),(15,'test111','/images/shuijiao.jpg',NULL,NULL,NULL,NULL,NULL,'2016-06-04 15:08:18','2016-06-04 15:08:18');
/*!40000 ALTER TABLE `chat_info` ENABLE KEYS */;
UNLOCK TABLES;

--
-- Table structure for table `chat_login`
--

DROP TABLE IF EXISTS `chat_login`;
/*!40101 SET @saved_cs_client     = @@character_set_client */;
/*!40101 SET character_set_client = utf8 */;
CREATE TABLE `chat_login` (
  `id` int(11) NOT NULL AUTO_INCREMENT COMMENT '用户唯一ID',
  `loginName` varchar(100) NOT NULL COMMENT '登录名',
  `password` varchar(100) NOT NULL COMMENT '密码',
  `status` int(1) NOT NULL DEFAULT '0' COMMENT '用户状态  :0—正常;1—冻结',
  `last_login_time` datetime NOT NULL DEFAULT '0000-00-00 00:00:00' COMMENT '上次登录时间',
  PRIMARY KEY (`id`),
  UNIQUE KEY `chat_login_id_uindex` (`id`),
  UNIQUE KEY `chat_login_loginName_uindex` (`loginName`)
) ENGINE=InnoDB AUTO_INCREMENT=16 DEFAULT CHARSET=utf8 COMMENT='用户登录表';
/*!40101 SET character_set_client = @saved_cs_client */;

--
-- Dumping data for table `chat_login`
--

LOCK TABLES `chat_login` WRITE;
/*!40000 ALTER TABLE `chat_login` DISABLE KEYS */;
INSERT INTO `chat_login` VALUES (1,'123','40bd001563085fc35165329ea1ff5c5ecbdbbeef',0,'2016-06-04 15:11:56'),(2,'1234','40bd001563085fc35165329ea1ff5c5ecbdbbeef',0,'2016-06-04 15:12:06'),(5,'test','40bd001563085fc35165329ea1ff5c5ecbdbbeef',0,'2016-04-24 20:45:44'),(6,'test1','40bd001563085fc35165329ea1ff5c5ecbdbbeef',0,'2016-05-11 14:43:59'),(7,'test2','40bd001563085fc35165329ea1ff5c5ecbdbbeef',0,'2016-05-27 15:03:43'),(9,'test3','40bd001563085fc35165329ea1ff5c5ecbdbbeef',0,'2016-05-26 00:00:12'),(10,'test7','40bd001563085fc35165329ea1ff5c5ecbdbbeef',0,'0000-00-00 00:00:00'),(11,'vuji','40bd001563085fc35165329ea1ff5c5ecbdbbeef',0,'2016-06-04 15:12:10'),(12,'testtest','40bd001563085fc35165329ea1ff5c5ecbdbbeef',0,'2016-05-27 22:28:55'),(13,'qwer','40bd001563085fc35165329ea1ff5c5ecbdbbeef',0,'2016-06-01 15:00:29'),(14,'123123123','40bd001563085fc35165329ea1ff5c5ecbdbbeef',0,'2016-06-03 13:39:06'),(15,'test111','40bd001563085fc35165329ea1ff5c5ecbdbbeef',0,'2016-06-04 15:08:33');
/*!40000 ALTER TABLE `chat_login` ENABLE KEYS */;
UNLOCK TABLES;

--
-- Table structure for table `chat_msgRecord`
--

DROP TABLE IF EXISTS `chat_msgRecord`;
/*!40101 SET @saved_cs_client     = @@character_set_client */;
/*!40101 SET character_set_client = utf8 */;
CREATE TABLE `chat_msgRecord` (
  `id` int(11) unsigned NOT NULL AUTO_INCREMENT COMMENT '消息唯一ID',
  `from` int(11) NOT NULL COMMENT '消息发送者',
  `to` int(11) NOT NULL COMMENT '消息接收者',
  `msg` varchar(5000) DEFAULT NULL COMMENT '消息内容',
  `type` int(1) NOT NULL DEFAULT '1' COMMENT '消息类型（1：文本，2：图片：3.文件）',
  `isGroup` int(1) NOT NULL DEFAULT '0' COMMENT '消息对象，0：个人消息，1：群组消息',
  `time` datetime NOT NULL DEFAULT CURRENT_TIMESTAMP COMMENT '消息发送时间',
  `state` int(1) NOT NULL DEFAULT '1' COMMENT '消息阅读状态（1：未读，2：已读）',
  PRIMARY KEY (`id`),
  KEY `msg_fk_from_idx` (`from`),
  CONSTRAINT `msg_fk_from` FOREIGN KEY (`from`) REFERENCES `chat_login` (`id`) ON DELETE NO ACTION ON UPDATE NO ACTION
) ENGINE=InnoDB AUTO_INCREMENT=261 DEFAULT CHARSET=utf8;
/*!40101 SET character_set_client = @saved_cs_client */;

--
-- Dumping data for table `chat_msgRecord`
--

LOCK TABLES `chat_msgRecord` WRITE;
/*!40000 ALTER TABLE `chat_msgRecord` DISABLE KEYS */;
INSERT INTO `chat_msgRecord` VALUES (23,1,1,'{\"from\":\"uId1\",\"msg\":[{\"linkPath\":\"/userImg/yXq_n2btPNBTnK-gK9MgTaWi.jpg\",\"name\":\"7ff1630ajw1eq2qgxix32j217l0wc7ph.jpg\"}],\"to\":\"uId1\"}',2,0,'2016-05-10 20:22:58',1),(24,1,1,'{\"from\":\"uId1\",\"msg\":[{\"linkPath\":\"/userImg/VkFYNk8HPblioswlVKMHMH35.jpg\",\"name\":\"7ff1630ajw1eq2qgxix32j217l0wc7ph.jpg\"}],\"to\":\"uId1\"}',2,0,'2016-05-10 20:24:56',1),(43,1,1,'{\"from\":\"uId1\",\"msg\":\"1324\",\"to\":\"uId1\"}',1,0,'2016-05-10 22:54:29',1),(53,1,7,'{\"from\":\"uId1\",\"msg\":\"123\",\"to\":\"uId7\"}',1,0,'2016-05-24 23:33:52',1),(54,1,7,'{\"from\":\"uId1\",\"msg\":\"123\",\"to\":\"uId7\"}',1,0,'2016-05-24 23:35:14',1),(61,1,7,'{\"from\":\"uId1\",\"msg\":\"asdf\",\"to\":\"uId7\"}',1,0,'2016-05-25 11:00:56',1),(62,1,7,'{\"from\":{\"nick\":\"用户1234133\",\"uId\":\"uId1\",\"picture\":\"/userImg/uCQa_XKaI9eBnJ14zDfbPs7n.jpg\"},\"msg\":\"asdf\",\"to\":{\"nick\":\"test2\",\"uId\":\"uId7\",\"picture\":\"/images/shuijiao.jpg\",\"type\":\"1\"}}',1,0,'2016-05-25 11:07:58',1),(63,1,7,'{\"from\":{\"nick\":\"用户1234133\",\"uId\":\"uId1\",\"picture\":\"/userImg/uCQa_XKaI9eBnJ14zDfbPs7n.jpg\"},\"msg\":\"asdf\",\"to\":{\"nick\":\"test2\",\"uId\":\"uId7\",\"picture\":\"/images/shuijiao.jpg\",\"type\":\"1\"}}',1,0,'2016-05-25 11:08:44',1),(64,7,1,'{\"from\":{\"nick\":\"test2\",\"uId\":\"uId7\",\"picture\":\"/images/shuijiao.jpg\"},\"msg\":\"1321324\",\"to\":{\"nick\":\"用户1234133\",\"uId\":\"uId1\",\"picture\":\"/userImg/uCQa_XKaI9eBnJ14zDfbPs7n.jpg\",\"type\":\"1\"}}',1,0,'2016-05-25 11:08:54',1),(65,1,7,'{\"from\":{\"nick\":\"用户1234133\",\"uId\":\"uId1\",\"picture\":\"/userImg/uCQa_XKaI9eBnJ14zDfbPs7n.jpg\"},\"msg\":[{\"linkPath\":\"/userImg/uQHrzdZxMQKP-OsDG6YXsWO2.jpg\",\"name\":\"7ff1630ajw1eq2qgxix32j217l0wc7ph.jpg\"}],\"to\":{\"nick\":\"test2\",\"uId\":\"uId7\",\"picture\":\"/images/shuijiao.jpg\",\"type\":\"1\"}}',2,0,'2016-05-25 11:09:56',1),(66,7,1,'{\"from\":{\"nick\":\"test2\",\"uId\":\"uId7\",\"picture\":\"/images/shuijiao.jpg\"},\"msg\":[{\"linkPath\":\"/files/CWEAs_7XR1JGuLeh9I3iDksi.sql\",\"name\":\"1.sql\"}],\"to\":{\"nick\":\"用户1234133\",\"uId\":\"uId1\",\"picture\":\"/userImg/uCQa_XKaI9eBnJ14zDfbPs7n.jpg\",\"type\":\"1\"}}',3,0,'2016-05-25 11:10:01',1),(67,1,7,'{\"from\":{\"nick\":\"用户1234133\",\"uId\":\"uId1\",\"picture\":\"/userImg/uCQa_XKaI9eBnJ14zDfbPs7n.jpg\"},\"msg\":\"123\",\"to\":{\"nick\":\"test2\",\"uId\":\"uId7\",\"picture\":\"/images/shuijiao.jpg\",\"type\":\"1\"}}',1,0,'2016-05-25 11:10:49',1),(68,7,1,'{\"from\":{\"nick\":\"test2\",\"uId\":\"uId7\",\"picture\":\"/images/shuijiao.jpg\"},\"msg\":\"321\",\"to\":{\"nick\":\"用户1234133\",\"uId\":\"uId1\",\"picture\":\"/userImg/uCQa_XKaI9eBnJ14zDfbPs7n.jpg\",\"type\":\"1\"}}',1,0,'2016-05-25 11:11:01',1),(69,1,7,'{\"from\":{\"nick\":\"用户1234133\",\"uId\":\"uId1\",\"picture\":\"/userImg/uCQa_XKaI9eBnJ14zDfbPs7n.jpg\"},\"msg\":\"<img src=\'/emjoy/11@2x.png\' class=\'emjoy\'/><img src=\'/emjoy/20@2x.png\' class=\'emjoy\'/>\",\"to\":{\"nick\":\"test2\",\"uId\":\"uId7\",\"picture\":\"/images/shuijiao.jpg\",\"type\":\"1\"}}',1,0,'2016-05-25 11:11:14',1),(70,7,1,'{\"from\":{\"nick\":\"test2\",\"uId\":\"uId7\",\"picture\":\"/images/shuijiao.jpg\"},\"msg\":[{\"linkPath\":\"/userImg/xyanS-sVaUsxwcSGqSAgp5j3.jpg\",\"name\":\"7ff1630ajw1eq2qgxix32j217l0wc7ph.jpg\"}],\"to\":{\"nick\":\"用户1234133\",\"uId\":\"uId1\",\"picture\":\"/userImg/uCQa_XKaI9eBnJ14zDfbPs7n.jpg\",\"type\":\"1\"}}',2,0,'2016-05-25 11:11:18',1),(71,1,7,'{\"from\":{\"nick\":\"用户1234133\",\"uId\":\"uId1\",\"picture\":\"/userImg/uCQa_XKaI9eBnJ14zDfbPs7n.jpg\"},\"msg\":[{\"linkPath\":\"/files/q4nC6stVoZ3I0OQ9notCLeB7.sql\",\"name\":\"1.sql\"}],\"to\":{\"nick\":\"test2\",\"uId\":\"uId7\",\"picture\":\"/images/shuijiao.jpg\",\"type\":\"1\"}}',3,0,'2016-05-25 11:11:24',1),(72,7,1,'{\"from\":{\"nick\":\"test2\",\"uId\":\"uId7\",\"picture\":\"/images/shuijiao.jpg\"},\"msg\":[{\"linkPath\":\"/files/Nrt2223FQ6ApMjYEv9oSVWGM.jpg\",\"name\":\"7ff1630ajw1eq2qgxix32j217l0wc7ph.jpg\"}],\"to\":{\"nick\":\"用户1234133\",\"uId\":\"uId1\",\"picture\":\"/userImg/uCQa_XKaI9eBnJ14zDfbPs7n.jpg\",\"type\":\"1\"}}',3,0,'2016-05-25 11:12:46',1),(75,7,1,'{\"from\":{\"nick\":\"test2\",\"uId\":\"uId7\",\"picture\":\"/images/shuijiao.jpg\"},\"msg\":\"123\",\"to\":{\"nick\":\"用户1234133\",\"uId\":\"uId1\",\"picture\":\"/userImg/uCQa_XKaI9eBnJ14zDfbPs7n.jpg\",\"type\":\"1\"}}',1,0,'2016-05-25 11:42:58',1),(76,1,7,'{\"from\":{\"nick\":\"用户1234133\",\"uId\":\"uId1\",\"picture\":\"/userImg/uCQa_XKaI9eBnJ14zDfbPs7n.jpg\"},\"msg\":[{\"linkPath\":\"/userImg/S1wluuh_zgAUZ0sKqfk5bUXT.jpg\",\"name\":\"7ff1630ajw1eq2qgxix32j217l0wc7ph.jpg\"}],\"to\":{\"nick\":\"test2\",\"uId\":\"uId7\",\"picture\":\"/images/shuijiao.jpg\",\"type\":\"1\"}}',2,0,'2016-05-25 11:43:08',1),(77,7,1,'{\"from\":{\"nick\":\"test2\",\"uId\":\"uId7\",\"picture\":\"/images/shuijiao.jpg\"},\"msg\":[{\"linkPath\":\"/files/DZ2qKJRJD8i49jbDJWOhnZ2p.sql\",\"name\":\"1.sql\"}],\"to\":{\"nick\":\"用户1234133\",\"uId\":\"uId1\",\"picture\":\"/userImg/uCQa_XKaI9eBnJ14zDfbPs7n.jpg\",\"type\":\"1\"}}',3,0,'2016-05-25 11:43:12',1),(78,7,2,'{\"from\":{\"nick\":\"test2\",\"uId\":\"uId7\",\"picture\":\"/images/shuijiao.jpg\"},\"msg\":\"1234\",\"to\":{\"nick\":\"qwerqw\",\"uId\":\"groupId2\",\"picture\":\"\",\"type\":\"2\"}}',1,1,'2016-05-25 12:06:59',1),(79,1,2,'{\"from\":{\"nick\":\"用户1234133\",\"uId\":\"uId1\",\"picture\":\"/userImg/uCQa_XKaI9eBnJ14zDfbPs7n.jpg\"},\"msg\":\"1324\",\"to\":{\"nick\":\"qwerqw\",\"uId\":\"groupId2\",\"picture\":\"\",\"type\":\"2\"}}',1,1,'2016-05-25 12:09:55',1),(81,7,2,'{\"from\":{\"nick\":\"test2\",\"uId\":\"uId7\",\"picture\":\"/images/shuijiao.jpg\"},\"msg\":\"23134\",\"to\":{\"nick\":\"qwerqw\",\"uId\":\"groupId2\",\"picture\":\"\",\"type\":\"2\"}}',1,1,'2016-05-25 12:12:24',1),(82,1,2,'{\"from\":{\"nick\":\"用户1234133\",\"uId\":\"uId1\",\"picture\":\"/userImg/uCQa_XKaI9eBnJ14zDfbPs7n.jpg\"},\"msg\":\"1234\",\"to\":{\"nick\":\"qwerqw\",\"uId\":\"groupId2\",\"picture\":\"\",\"type\":\"2\"}}',1,1,'2016-05-25 12:14:40',1),(83,1,2,'{\"from\":{\"nick\":\"用户1234133\",\"uId\":\"uId1\",\"picture\":\"/userImg/uCQa_XKaI9eBnJ14zDfbPs7n.jpg\"},\"msg\":\"asdfadsf\",\"to\":{\"nick\":\"qwerqw\",\"uId\":\"groupId2\",\"picture\":\"\",\"type\":\"2\"}}',1,1,'2016-05-25 12:15:06',1),(84,1,2,'{\"from\":{\"nick\":\"用户1234133\",\"uId\":\"uId1\",\"picture\":\"/userImg/uCQa_XKaI9eBnJ14zDfbPs7n.jpg\"},\"msg\":\"12341243\",\"to\":{\"nick\":\"qwerqw\",\"uId\":\"groupId2\",\"picture\":\"\",\"type\":\"2\"}}',1,1,'2016-05-25 12:15:21',1),(85,1,2,'{\"from\":{\"nick\":\"用户1234133\",\"uId\":\"uId1\",\"picture\":\"/userImg/uCQa_XKaI9eBnJ14zDfbPs7n.jpg\"},\"msg\":\"1234\",\"to\":{\"nick\":\"qwerqw\",\"uId\":\"groupId2\",\"picture\":\"\",\"type\":\"2\"}}',1,1,'2016-05-25 12:15:50',1),(86,7,2,'{\"from\":{\"nick\":\"test2\",\"uId\":\"uId7\",\"picture\":\"/images/shuijiao.jpg\"},\"msg\":\"1234\",\"to\":{\"nick\":\"qwerqw\",\"uId\":\"groupId2\",\"picture\":\"\",\"type\":\"2\"}}',1,1,'2016-05-25 12:16:00',1),(87,1,2,'{\"from\":{\"nick\":\"用户1234133\",\"uId\":\"uId1\",\"picture\":\"/userImg/uCQa_XKaI9eBnJ14zDfbPs7n.jpg\"},\"msg\":\"asdfasf\",\"to\":{\"nick\":\"qwerqw\",\"uId\":\"groupId2\",\"picture\":\"\",\"type\":\"2\"}}',1,1,'2016-05-25 12:16:19',1),(88,1,2,'{\"from\":{\"nick\":\"用户1234133\",\"uId\":\"uId1\",\"picture\":\"/userImg/uCQa_XKaI9eBnJ14zDfbPs7n.jpg\"},\"msg\":\"123\",\"to\":{\"nick\":\"qwerqw\",\"uId\":\"groupId2\",\"picture\":\"\",\"type\":\"2\"}}',1,1,'2016-05-25 12:17:24',1),(89,7,2,'{\"from\":{\"nick\":\"test2\",\"uId\":\"uId7\",\"picture\":\"/images/shuijiao.jpg\"},\"msg\":\"123\",\"to\":{\"nick\":\"qwerqw\",\"uId\":\"groupId2\",\"picture\":\"\",\"type\":\"2\"}}',1,1,'2016-05-25 12:17:40',1),(90,7,2,'{\"from\":{\"nick\":\"test2\",\"uId\":\"uId7\",\"picture\":\"/images/shuijiao.jpg\"},\"msg\":\"1234\",\"to\":{\"nick\":\"qwerqw\",\"uId\":\"groupId2\",\"picture\":\"\",\"type\":\"2\"}}',1,1,'2016-05-25 12:21:25',1),(91,1,2,'{\"from\":{\"nick\":\"用户1234133\",\"uId\":\"uId1\",\"picture\":\"/userImg/uCQa_XKaI9eBnJ14zDfbPs7n.jpg\"},\"msg\":\"12344\",\"to\":{\"nick\":\"qwerqw\",\"uId\":\"groupId2\",\"picture\":\"\",\"type\":\"2\"}}',1,1,'2016-05-25 12:21:33',1),(92,1,2,'{\"from\":{\"nick\":\"用户1234133\",\"uId\":\"uId1\",\"picture\":\"/userImg/uCQa_XKaI9eBnJ14zDfbPs7n.jpg\"},\"msg\":\"123\",\"to\":{\"nick\":\"qwerqw\",\"uId\":\"groupId2\",\"picture\":\"\",\"type\":\"2\"}}',1,1,'2016-05-25 12:33:15',1),(93,7,1,'{\"from\":{\"nick\":\"test2\",\"uId\":\"uId7\",\"picture\":\"/images/shuijiao.jpg\"},\"msg\":\"1234\",\"to\":{\"nick\":\"用户1234133\",\"uId\":\"uId1\",\"picture\":\"/userImg/uCQa_XKaI9eBnJ14zDfbPs7n.jpg\",\"type\":\"1\"}}',1,0,'2016-05-25 12:33:21',1),(95,1,2,'{\"from\":{\"nick\":\"用户1234133\",\"uId\":\"uId1\",\"picture\":\"/userImg/uCQa_XKaI9eBnJ14zDfbPs7n.jpg\"},\"msg\":\"123\",\"to\":{\"nick\":\"qwerqw\",\"uId\":\"groupId2\",\"picture\":\"\",\"type\":\"2\"}}',1,1,'2016-05-25 12:47:15',1),(101,1,3,'{\"from\":{\"nick\":\"用户1234133\",\"uId\":\"uId1\",\"picture\":\"/userImg/uCQa_XKaI9eBnJ14zDfbPs7n.jpg\"},\"msg\":\"1234\",\"to\":{\"nick\":\"asdf\",\"uId\":\"groupId3\",\"picture\":\"\",\"type\":\"2\"}}',1,1,'2016-05-25 13:55:08',1),(102,1,7,'{\"from\":{\"nick\":\"用户1234133\",\"uId\":\"uId1\",\"picture\":\"/userImg/uCQa_XKaI9eBnJ14zDfbPs7n.jpg\"},\"msg\":\"1243\",\"to\":{\"nick\":\"test2\",\"uId\":\"uId7\",\"picture\":\"/images/shuijiao.jpg\",\"type\":\"1\"}}',1,0,'2016-05-25 13:59:30',1),(104,1,5,'{\"from\":{\"nick\":\"用户1234133\",\"uId\":\"uId1\",\"picture\":\"/userImg/uCQa_XKaI9eBnJ14zDfbPs7n.jpg\"},\"msg\":\"<img src=\'/emjoy/18@2x.png\' class=\'emjoy\'/><img src=\'/emjoy/14@2x.png\' class=\'emjoy\'/><img src=\'/emjoy/13@2x.png\' class=\'emjoy\'/>\",\"to\":{\"nick\":\"我是test\",\"uId\":\"uId5\",\"picture\":\"userImg/yehPQoBjYOSpWXX1pwK5KySv.jpg\",\"type\":\"1\"}}',1,0,'2016-05-25 14:11:08',1),(105,1,5,'{\"from\":{\"nick\":\"用户1234133\",\"uId\":\"uId1\",\"picture\":\"/userImg/uCQa_XKaI9eBnJ14zDfbPs7n.jpg\"},\"msg\":\"123\",\"to\":{\"nick\":\"我是test\",\"uId\":\"uId5\",\"picture\":\"userImg/yehPQoBjYOSpWXX1pwK5KySv.jpg\",\"type\":\"1\"}}',1,0,'2016-05-25 14:16:02',1),(106,1,2,'{\"from\":{\"nick\":\"用户1234133\",\"uId\":\"uId1\",\"picture\":\"/userImg/uCQa_XKaI9eBnJ14zDfbPs7n.jpg\"},\"msg\":\"123\",\"to\":{\"nick\":\"qwerqw\",\"uId\":\"groupId2\",\"picture\":\"\",\"type\":\"2\"}}',1,1,'2016-05-25 14:17:07',1),(107,1,3,'{\"from\":{\"nick\":\"用户1234133\",\"uId\":\"uId1\",\"picture\":\"/userImg/uCQa_XKaI9eBnJ14zDfbPs7n.jpg\"},\"msg\":\"123\",\"to\":{\"nick\":\"asdf\",\"uId\":\"groupId3\",\"picture\":\"\",\"type\":\"2\"}}',1,1,'2016-05-25 14:17:15',1),(108,7,2,'{\"from\":{\"nick\":\"test2\",\"uId\":\"uId7\",\"picture\":\"/images/shuijiao.jpg\"},\"msg\":\"123\",\"to\":{\"nick\":\"qwerqw\",\"uId\":\"groupId2\",\"picture\":\"\",\"type\":\"2\"}}',1,1,'2016-05-25 14:28:55',1),(109,7,1,'{\"from\":{\"nick\":\"test2\",\"uId\":\"uId7\",\"picture\":\"/images/shuijiao.jpg\"},\"msg\":\"123\",\"to\":{\"nick\":\"用户1234133\",\"uId\":\"uId1\",\"picture\":\"/userImg/uCQa_XKaI9eBnJ14zDfbPs7n.jpg\",\"type\":\"1\"}}',1,0,'2016-05-25 14:39:09',1),(110,1,7,'{\"from\":{\"nick\":\"用户1234133\",\"uId\":\"uId1\",\"picture\":\"/userImg/uCQa_XKaI9eBnJ14zDfbPs7n.jpg\"},\"msg\":\"123\",\"to\":{\"nick\":\"test2\",\"uId\":\"uId7\",\"picture\":\"/images/shuijiao.jpg\",\"type\":\"1\"}}',1,0,'2016-05-25 14:39:19',1),(111,7,2,'{\"from\":{\"nick\":\"test2\",\"uId\":\"uId7\",\"picture\":\"/images/shuijiao.jpg\"},\"msg\":\"1324\",\"to\":{\"nick\":\"qwerqw\",\"uId\":\"groupId2\",\"picture\":\"\",\"type\":\"2\"}}',1,1,'2016-05-25 14:39:37',1),(112,1,7,'{\"from\":{\"nick\":\"用户1234133\",\"uId\":\"uId1\",\"picture\":\"/userImg/uCQa_XKaI9eBnJ14zDfbPs7n.jpg\"},\"msg\":\"123\",\"to\":{\"nick\":\"test2\",\"uId\":\"uId7\",\"picture\":\"/images/shuijiao.jpg\",\"type\":1}}',1,0,'2016-05-25 14:45:11',1),(113,7,1,'{\"from\":{\"nick\":\"test2\",\"uId\":\"uId7\",\"picture\":\"/images/shuijiao.jpg\"},\"msg\":\"123\",\"to\":{\"nick\":\"用户1234133\",\"uId\":\"uId1\",\"picture\":\"/userImg/uCQa_XKaI9eBnJ14zDfbPs7n.jpg\",\"type\":1}}',1,0,'2016-05-25 14:45:33',1),(114,7,1,'{\"from\":{\"nick\":\"test2\",\"uId\":\"uId7\",\"picture\":\"/images/shuijiao.jpg\"},\"msg\":\"123\",\"to\":{\"nick\":\"用户1234133\",\"uId\":\"uId1\",\"picture\":\"/userImg/uCQa_XKaI9eBnJ14zDfbPs7n.jpg\",\"type\":1}}',1,0,'2016-05-25 14:45:49',1),(115,7,1,'{\"from\":{\"nick\":\"test2\",\"uId\":\"uId7\",\"picture\":\"/images/shuijiao.jpg\"},\"msg\":\"123\",\"to\":{\"nick\":\"用户1234133\",\"uId\":\"uId1\",\"picture\":\"/userImg/uCQa_XKaI9eBnJ14zDfbPs7n.jpg\",\"type\":1}}',1,0,'2016-05-25 14:46:01',1),(116,7,1,'{\"from\":{\"nick\":\"test2\",\"uId\":\"uId7\",\"picture\":\"/images/shuijiao.jpg\"},\"msg\":\"1324\",\"to\":{\"nick\":\"用户1234133\",\"uId\":\"uId1\",\"picture\":\"/userImg/uCQa_XKaI9eBnJ14zDfbPs7n.jpg\",\"type\":1}}',1,0,'2016-05-25 14:47:08',1),(117,7,1,'{\"from\":{\"nick\":\"test2\",\"uId\":\"uId7\",\"picture\":\"/images/shuijiao.jpg\"},\"msg\":\"123\",\"to\":{\"nick\":\"用户1234133\",\"uId\":\"uId1\",\"picture\":\"/userImg/uCQa_XKaI9eBnJ14zDfbPs7n.jpg\",\"type\":1}}',1,0,'2016-05-25 14:48:31',1),(118,7,1,'{\"from\":{\"nick\":\"test2\",\"uId\":\"uId7\",\"picture\":\"/images/shuijiao.jpg\"},\"msg\":\"sadfsf\",\"to\":{\"nick\":\"用户1234133\",\"uId\":\"uId1\",\"picture\":\"/userImg/uCQa_XKaI9eBnJ14zDfbPs7n.jpg\",\"type\":1}}',1,0,'2016-05-25 14:48:51',1),(119,1,7,'{\"from\":{\"nick\":\"用户1234133\",\"uId\":\"uId1\",\"picture\":\"/userImg/uCQa_XKaI9eBnJ14zDfbPs7n.jpg\"},\"msg\":\"asdfs\",\"to\":{\"nick\":\"test2\",\"uId\":\"uId7\",\"picture\":\"/images/shuijiao.jpg\",\"type\":1}}',1,0,'2016-05-25 14:49:11',1),(120,7,1,'{\"from\":{\"nick\":\"test2\",\"uId\":\"uId7\",\"picture\":\"/images/shuijiao.jpg\"},\"msg\":\"12312\",\"to\":{\"nick\":\"用户1234133\",\"uId\":\"uId1\",\"picture\":\"/userImg/uCQa_XKaI9eBnJ14zDfbPs7n.jpg\",\"type\":1}}',1,0,'2016-05-25 14:51:10',1),(121,1,2,'{\"from\":{\"nick\":\"用户1234133\",\"uId\":\"uId1\",\"picture\":\"/userImg/uCQa_XKaI9eBnJ14zDfbPs7n.jpg\"},\"msg\":\"123\",\"to\":{\"nick\":\"qwerqw\",\"uId\":\"groupId2\",\"picture\":\"\",\"type\":2}}',1,1,'2016-05-25 14:54:38',1),(122,7,1,'{\"from\":{\"nick\":\"test2\",\"uId\":\"uId7\",\"picture\":\"/images/shuijiao.jpg\"},\"msg\":\"1234\",\"to\":{\"nick\":\"用户1234133\",\"uId\":\"uId1\",\"picture\":\"/userImg/uCQa_XKaI9eBnJ14zDfbPs7n.jpg\",\"type\":1}}',1,0,'2016-05-25 14:54:49',1),(123,7,2,'{\"from\":{\"nick\":\"test2\",\"uId\":\"uId7\",\"picture\":\"/images/shuijiao.jpg\"},\"msg\":\"1234\",\"to\":{\"nick\":\"qwerqw\",\"uId\":\"groupId2\",\"picture\":\"\",\"type\":2}}',1,1,'2016-05-25 14:54:55',1),(124,1,7,'{\"from\":{\"nick\":\"用户1234133\",\"uId\":\"uId1\",\"picture\":\"/userImg/uCQa_XKaI9eBnJ14zDfbPs7n.jpg\"},\"msg\":\"123\",\"to\":{\"nick\":\"test2\",\"uId\":\"uId7\",\"picture\":\"/images/shuijiao.jpg\",\"type\":1}}',1,0,'2016-05-25 14:56:18',1),(125,1,7,'{\"from\":{\"nick\":\"用户1234133\",\"uId\":\"uId1\",\"picture\":\"/userImg/uCQa_XKaI9eBnJ14zDfbPs7n.jpg\"},\"msg\":\"123\",\"to\":{\"nick\":\"test2\",\"uId\":\"uId7\",\"picture\":\"/images/shuijiao.jpg\",\"type\":1}}',1,0,'2016-05-25 14:56:45',1),(126,1,2,'{\"from\":{\"nick\":\"用户1234133\",\"uId\":\"uId1\",\"picture\":\"/userImg/uCQa_XKaI9eBnJ14zDfbPs7n.jpg\"},\"msg\":\"123\",\"to\":{\"nick\":\"qwerqw\",\"uId\":\"groupId2\",\"picture\":\"\",\"type\":2}}',1,1,'2016-05-25 14:56:50',1),(127,1,2,'{\"from\":{\"nick\":\"用户1234133\",\"uId\":\"uId1\",\"picture\":\"/userImg/uCQa_XKaI9eBnJ14zDfbPs7n.jpg\"},\"msg\":\"123\",\"to\":{\"nick\":\"qwerqw\",\"uId\":\"groupId2\",\"picture\":\"\",\"type\":2}}',1,1,'2016-05-25 14:57:04',1),(128,1,7,'{\"from\":{\"nick\":\"用户1234133\",\"uId\":\"uId1\",\"picture\":\"/userImg/uCQa_XKaI9eBnJ14zDfbPs7n.jpg\"},\"msg\":\"1234\",\"to\":{\"nick\":\"test2\",\"uId\":\"uId7\",\"picture\":\"/images/shuijiao.jpg\",\"type\":1}}',1,0,'2016-05-25 14:59:50',1),(129,1,7,'{\"from\":{\"nick\":\"用户1234133\",\"uId\":\"uId1\",\"picture\":\"/userImg/uCQa_XKaI9eBnJ14zDfbPs7n.jpg\"},\"msg\":\"1234\",\"to\":{\"nick\":\"test2\",\"uId\":\"uId7\",\"picture\":\"/images/shuijiao.jpg\",\"type\":1}}',1,0,'2016-05-25 15:00:47',1),(130,7,1,'{\"from\":{\"nick\":\"test2\",\"uId\":\"uId7\",\"picture\":\"/images/shuijiao.jpg\"},\"msg\":\"123\",\"to\":{\"nick\":\"用户1234133\",\"uId\":\"uId1\",\"picture\":\"/userImg/uCQa_XKaI9eBnJ14zDfbPs7n.jpg\",\"type\":1}}',1,0,'2016-05-25 15:02:14',1),(131,1,5,'{\"from\":{\"nick\":\"用户1234133\",\"uId\":\"uId1\",\"picture\":\"/userImg/uCQa_XKaI9eBnJ14zDfbPs7n.jpg\"},\"msg\":\"123456789\",\"to\":{\"nick\":\"我是test\",\"uId\":\"uId5\",\"picture\":\"userImg/yehPQoBjYOSpWXX1pwK5KySv.jpg\",\"type\":1}}',1,0,'2016-05-25 15:21:38',1),(132,1,2,'{\"from\":{\"nick\":\"用户1234133\",\"uId\":\"uId1\",\"picture\":\"/userImg/uCQa_XKaI9eBnJ14zDfbPs7n.jpg\"},\"msg\":\"123\",\"to\":{\"nick\":\"qwerqw\",\"uId\":\"groupId2\",\"picture\":\"\",\"type\":2}}',1,1,'2016-05-25 15:23:09',1),(133,1,7,'{\"from\":{\"nick\":\"用户1234133\",\"uId\":\"uId1\",\"picture\":\"/userImg/uCQa_XKaI9eBnJ14zDfbPs7n.jpg\"},\"msg\":\"123\",\"to\":{\"nick\":\"test2\",\"uId\":\"uId7\",\"picture\":\"/images/shuijiao.jpg\",\"type\":1}}',1,0,'2016-05-26 10:36:47',1),(134,1,9,'{\"from\":{\"nick\":\"用户1234133\",\"uId\":\"uId1\",\"picture\":\"/userImg/uCQa_XKaI9eBnJ14zDfbPs7n.jpg\"},\"msg\":\"123\",\"to\":{\"nick\":\"test3\",\"uId\":\"uId9\",\"picture\":\"/images/shuijiao.jpg\",\"type\":1}}',1,0,'2016-05-26 17:27:09',1),(135,1,7,'{\"from\":{\"nick\":\"用户1234133\",\"uId\":\"uId1\",\"picture\":\"/userImg/uCQa_XKaI9eBnJ14zDfbPs7n.jpg\"},\"msg\":\"1231\",\"to\":{\"nick\":\"test2\",\"uId\":\"uId7\",\"picture\":\"/images/shuijiao.jpg\",\"type\":1}}',1,0,'2016-05-27 10:38:56',1),(136,1,7,'{\"from\":{\"nick\":\"用户1234133\",\"uId\":\"uId1\",\"picture\":\"/userImg/uCQa_XKaI9eBnJ14zDfbPs7n.jpg\"},\"msg\":\"<img src=\'/emjoy/17@2x.png\' class=\'emjoy\'/><img src=\'/emjoy/21@2x.png\' class=\'emjoy\'/><img src=\'/emjoy/26@2x.png\' class=\'emjoy\'/><img src=\'/emjoy/10@2x.png\' class=\'emjoy\'/><img src=\'/emjoy/140@2x.png\' class=\'emjoy\'/>\",\"to\":{\"nick\":\"test2\",\"uId\":\"uId7\",\"picture\":\"/images/shuijiao.jpg\",\"type\":1}}',1,0,'2016-05-27 11:41:18',1),(137,11,1,'{\"from\":{\"nick\":\"vuji\",\"uId\":\"uId11\",\"picture\":\"/images/shuijiao.jpg\"},\"msg\":\"123\",\"to\":{\"nick\":\"用户1234133\",\"uId\":\"uId1\",\"picture\":\"/userImg/uCQa_XKaI9eBnJ14zDfbPs7n.jpg\",\"type\":1}}',1,0,'2016-05-27 11:43:26',1),(138,1,11,'{\"from\":{\"nick\":\"用户1234133\",\"uId\":\"uId1\",\"picture\":\"/userImg/uCQa_XKaI9eBnJ14zDfbPs7n.jpg\"},\"msg\":\"123\",\"to\":{\"nick\":\"vuji\",\"uId\":\"uId11\",\"picture\":\"/images/shuijiao.jpg\",\"type\":1}}',1,0,'2016-05-27 11:44:24',1),(139,1,3,'{\"from\":{\"nick\":\"用户1234133\",\"uId\":\"uId1\",\"picture\":\"/userImg/uCQa_XKaI9eBnJ14zDfbPs7n.jpg\"},\"msg\":\"123\",\"to\":{\"nick\":\"群2\",\"uId\":\"groupId3\",\"picture\":\"\",\"type\":2}}',1,1,'2016-05-27 11:44:27',1),(140,1,12,'{\"from\":{\"nick\":\"用户1234133\",\"uId\":\"uId1\",\"picture\":\"/userImg/uCQa_XKaI9eBnJ14zDfbPs7n.jpg\"},\"msg\":\"1234<img src=\'/emjoy/18@2x.png\' class=\'emjoy\'/><img src=\'/emjoy/11@2x.png\' class=\'emjoy\'/>134\",\"to\":{\"nick\":\"testtest\",\"uId\":\"uId12\",\"picture\":\"/images/shuijiao.jpg\",\"type\":1}}',1,0,'2016-05-27 23:23:45',1),(141,1,12,'{\"from\":{\"nick\":\"用户1234133\",\"uId\":\"uId1\",\"picture\":\"/userImg/uCQa_XKaI9eBnJ14zDfbPs7n.jpg\"},\"msg\":[{\"linkPath\":\"/userImg/3FLiDQHT47zgUTwUOMTN56dN.jpg\",\"name\":\"7ff1630ajw1eq2qgxix32j217l0wc7ph.jpg\"}],\"to\":{\"nick\":\"testtest\",\"uId\":\"uId12\",\"picture\":\"/images/shuijiao.jpg\",\"type\":1}}',2,0,'2016-05-27 23:40:11',1),(142,1,12,'{\"from\":{\"nick\":\"用户1234133\",\"uId\":\"uId1\",\"picture\":\"/userImg/uCQa_XKaI9eBnJ14zDfbPs7n.jpg\"},\"msg\":[{\"linkPath\":\"/files/KBitDLJvb07_drD9mVZVrYJa.pdf\",\"name\":\"校历.pdf\"}],\"to\":{\"nick\":\"testtest\",\"uId\":\"uId12\",\"picture\":\"/images/shuijiao.jpg\",\"type\":1}}',3,0,'2016-05-27 23:44:44',1),(143,1,5,'{\"from\":{\"nick\":\"用户1234133\",\"uId\":\"uId1\",\"picture\":\"/userImg/uCQa_XKaI9eBnJ14zDfbPs7n.jpg\"},\"msg\":[{\"linkPath\":\"/userImg/cB8JDNIuoSSaAS26Dq3RWrTb.jpg\",\"name\":\"7ff1630ajw1eq2qgxix32j217l0wc7ph.jpg\"}],\"to\":{\"nick\":\"我是test\",\"uId\":\"uId5\",\"picture\":\"userImg/yehPQoBjYOSpWXX1pwK5KySv.jpg\",\"type\":1}}',2,0,'2016-05-28 00:12:59',1),(144,1,5,'{\"from\":{\"nick\":\"用户1234133\",\"uId\":\"uId1\",\"picture\":\"/userImg/uCQa_XKaI9eBnJ14zDfbPs7n.jpg\"},\"msg\":[{\"linkPath\":\"/files/ZN66FMCzjZ-LpTmLamk6DlBV.pdf\",\"name\":\"校历.pdf\"}],\"to\":{\"nick\":\"我是test\",\"uId\":\"uId5\",\"picture\":\"userImg/yehPQoBjYOSpWXX1pwK5KySv.jpg\",\"type\":1}}',3,0,'2016-05-28 00:13:09',1),(145,1,5,'{\"from\":{\"nick\":\"用户1234133\",\"uId\":\"uId1\",\"picture\":\"/userImg/uCQa_XKaI9eBnJ14zDfbPs7n.jpg\"},\"msg\":\"<img src=\'/emjoy/10@2x.png\' class=\'emjoy\'/>12234\",\"to\":{\"nick\":\"我是test\",\"uId\":\"uId5\",\"picture\":\"userImg/yehPQoBjYOSpWXX1pwK5KySv.jpg\",\"type\":1}}',1,0,'2016-05-28 00:14:27',1),(146,1,5,'{\"from\":{\"nick\":\"用户1234133\",\"uId\":\"uId1\",\"picture\":\"/userImg/uCQa_XKaI9eBnJ14zDfbPs7n.jpg\"},\"msg\":[{\"linkPath\":\"/files/A21unZ4uFi3OjV5Qox6OKlq8.pdf\",\"name\":\"校历.pdf\"}],\"to\":{\"nick\":\"我是test\",\"uId\":\"uId5\",\"picture\":\"userImg/yehPQoBjYOSpWXX1pwK5KySv.jpg\",\"type\":1}}',3,0,'2016-05-30 00:22:53',1),(147,1,2,'{\"from\":{\"nick\":\"用户1234133\",\"uId\":\"uId1\",\"picture\":\"/userImg/uCQa_XKaI9eBnJ14zDfbPs7n.jpg\"},\"msg\":\"123<img src=\'/emjoy/28@2x.png\' class=\'emjoy\'/><img src=\'/emjoy/28@2x.png\' class=\'emjoy\'/>\",\"to\":{\"nick\":\"这是另一个账号\",\"uId\":\"uId2\",\"picture\":\"/userImg/vChKxEf4RMRPFu0o8vG9M0fw.png\",\"type\":1}}',1,0,'2016-05-30 00:35:42',1),(148,1,2,'{\"from\":{\"nick\":\"用户1234133\",\"uId\":\"uId1\",\"picture\":\"/userImg/uCQa_XKaI9eBnJ14zDfbPs7n.jpg\"},\"msg\":[{\"linkPath\":\"/userImg/BwpnTfDTzxv1FIuAVzn9oW8e.jpg\",\"name\":\"7ff1630ajw1eq2qgxix32j217l0wc7ph.jpg\"}],\"to\":{\"nick\":\"这是另一个账号\",\"uId\":\"uId2\",\"picture\":\"/userImg/vChKxEf4RMRPFu0o8vG9M0fw.png\",\"type\":1}}',2,0,'2016-05-30 00:35:50',1),(149,1,2,'{\"from\":{\"nick\":\"用户1234133\",\"uId\":\"uId1\",\"picture\":\"/userImg/uCQa_XKaI9eBnJ14zDfbPs7n.jpg\"},\"msg\":[{\"linkPath\":\"/files/dRCQS0Ing4--DZYAQjWRkNjA.pdf\",\"name\":\"校历.pdf\"}],\"to\":{\"nick\":\"这是另一个账号\",\"uId\":\"uId2\",\"picture\":\"/userImg/vChKxEf4RMRPFu0o8vG9M0fw.png\",\"type\":1}}',3,0,'2016-05-30 00:35:52',1),(150,1,9,'{\"from\":{\"nick\":\"用户1234133\",\"uId\":\"uId1\",\"picture\":\"/userImg/uCQa_XKaI9eBnJ14zDfbPs7n.jpg\"},\"msg\":\"123\",\"to\":{\"nick\":\"test3\",\"uId\":\"uId9\",\"picture\":\"/images/shuijiao.jpg\",\"type\":1}}',1,0,'2016-05-30 23:00:34',1),(151,2,1,'{\"from\":{\"nick\":\"这是另一个账号\",\"uId\":\"uId2\",\"picture\":\"/userImg/vChKxEf4RMRPFu0o8vG9M0fw.png\"},\"msg\":\"123\",\"to\":{\"nick\":\"用户1234133\",\"uId\":\"uId1\",\"picture\":\"/userImg/uCQa_XKaI9eBnJ14zDfbPs7n.jpg\",\"type\":1}}',1,0,'2016-05-31 10:52:51',1),(152,2,1,'{\"from\":{\"nick\":\"这是另一个账号\",\"uId\":\"uId2\",\"picture\":\"/userImg/vChKxEf4RMRPFu0o8vG9M0fw.png\"},\"msg\":\"123\",\"to\":{\"nick\":\"用户1234133\",\"uId\":\"uId1\",\"picture\":\"/userImg/uCQa_XKaI9eBnJ14zDfbPs7n.jpg\",\"type\":1}}',1,0,'2016-05-31 10:53:09',1),(153,1,2,'{\"from\":{\"nick\":\"用户1234133\",\"uId\":\"uId1\",\"picture\":\"/userImg/uCQa_XKaI9eBnJ14zDfbPs7n.jpg\"},\"msg\":\"123\",\"to\":{\"nick\":\"这是另一个账号\",\"uId\":\"uId2\",\"picture\":\"/userImg/vChKxEf4RMRPFu0o8vG9M0fw.png\",\"type\":1}}',1,0,'2016-05-31 13:18:23',1),(154,1,2,'{\"from\":{\"nick\":\"用户1234133\",\"uId\":\"uId1\",\"picture\":\"/userImg/uCQa_XKaI9eBnJ14zDfbPs7n.jpg\"},\"msg\":\"12345\",\"to\":{\"nick\":\"这是另一个账号\",\"uId\":\"uId2\",\"picture\":\"/userImg/vChKxEf4RMRPFu0o8vG9M0fw.png\",\"type\":1}}',1,0,'2016-05-31 13:19:21',1),(155,1,2,'{\"from\":{\"nick\":\"用户1234133\",\"uId\":\"uId1\",\"picture\":\"/userImg/uCQa_XKaI9eBnJ14zDfbPs7n.jpg\"},\"msg\":\"测试一下\",\"to\":{\"nick\":\"这是另一个账号\",\"uId\":\"uId2\",\"picture\":\"/userImg/vChKxEf4RMRPFu0o8vG9M0fw.png\",\"type\":1}}',1,0,'2016-05-31 13:39:44',1),(156,1,2,'{\"from\":{\"nick\":\"用户1234133\",\"uId\":\"uId1\",\"picture\":\"/userImg/uCQa_XKaI9eBnJ14zDfbPs7n.jpg\"},\"msg\":[{\"linkPath\":\"/userImg/BJNsLn99VOF1OnqTqTiiTaiZ.jpg\",\"name\":\"7ff1630ajw1eq2qgxix32j217l0wc7ph.jpg\"}],\"to\":{\"nick\":\"这是另一个账号\",\"uId\":\"uId2\",\"picture\":\"/userImg/vChKxEf4RMRPFu0o8vG9M0fw.png\",\"type\":1}}',2,0,'2016-05-31 16:42:22',1),(157,1,2,'{\"from\":{\"nick\":\"用户1234133\",\"uId\":\"uId1\",\"picture\":\"/userImg/uCQa_XKaI9eBnJ14zDfbPs7n.jpg\"},\"msg\":[{\"linkPath\":\"/files/itm0ydkwfYI4eWQtBOPdIOpQ.pdf\",\"name\":\"校历.pdf\"}],\"to\":{\"nick\":\"这是另一个账号\",\"uId\":\"uId2\",\"picture\":\"/userImg/vChKxEf4RMRPFu0o8vG9M0fw.png\",\"type\":1}}',3,0,'2016-05-31 16:45:21',1),(158,1,2,'{\"from\":{\"nick\":\"用户1234133\",\"uId\":\"uId1\",\"picture\":\"/userImg/uCQa_XKaI9eBnJ14zDfbPs7n.jpg\"},\"msg\":[{\"linkPath\":\"/files/EqujPMdc54WbPTJj0AhPUWPU.pdf\",\"name\":\"校历.pdf\"}],\"to\":{\"nick\":\"这是另一个账号\",\"uId\":\"uId2\",\"picture\":\"/userImg/vChKxEf4RMRPFu0o8vG9M0fw.png\",\"type\":1}}',3,0,'2016-05-31 16:45:34',1),(159,2,13,'{\"from\":{\"nick\":\"这是另一个账号\",\"uId\":\"uId2\",\"picture\":\"/userImg/vChKxEf4RMRPFu0o8vG9M0fw.png\"},\"msg\":\"123\",\"to\":{\"nick\":\"1233545\",\"uId\":\"uId13\",\"picture\":\"/images/shuijiao.jpg\",\"type\":1}}',1,0,'2016-06-01 15:04:20',1),(160,2,1,'{\"from\":{\"nick\":\"这是另一个账号\",\"uId\":\"uId2\",\"picture\":\"/userImg/vChKxEf4RMRPFu0o8vG9M0fw.png\"},\"msg\":\"1234124\",\"to\":{\"nick\":\"用户1234133\",\"uId\":\"uId1\",\"picture\":\"/userImg/uCQa_XKaI9eBnJ14zDfbPs7n.jpg\",\"type\":1}}',1,0,'2016-06-01 15:05:54',1),(161,1,2,'{\"from\":{\"nick\":\"用户1234133\",\"uId\":\"uId1\",\"picture\":\"/userImg/uCQa_XKaI9eBnJ14zDfbPs7n.jpg\"},\"msg\":\"12344\",\"to\":{\"nick\":\"这是另一个账号\",\"uId\":\"uId2\",\"picture\":\"/userImg/vChKxEf4RMRPFu0o8vG9M0fw.png\",\"type\":1}}',1,0,'2016-06-01 15:06:04',1),(162,2,1,'{\"from\":{\"nick\":\"这是另一个账号\",\"uId\":\"uId2\",\"picture\":\"/userImg/vChKxEf4RMRPFu0o8vG9M0fw.png\"},\"msg\":\"1234124\",\"to\":{\"nick\":\"用户1234133\",\"uId\":\"uId1\",\"picture\":\"/userImg/uCQa_XKaI9eBnJ14zDfbPs7n.jpg\",\"type\":1}}',1,0,'2016-06-01 15:06:09',1),(163,2,1,'{\"from\":{\"nick\":\"这是另一个账号\",\"uId\":\"uId2\",\"picture\":\"/userImg/vChKxEf4RMRPFu0o8vG9M0fw.png\"},\"msg\":\"13242\",\"to\":{\"nick\":\"用户1234133\",\"uId\":\"uId1\",\"picture\":\"/userImg/uCQa_XKaI9eBnJ14zDfbPs7n.jpg\",\"type\":1}}',1,0,'2016-06-01 15:06:22',1),(164,2,1,'{\"from\":{\"nick\":\"这是另一个账号\",\"uId\":\"uId2\",\"picture\":\"/userImg/vChKxEf4RMRPFu0o8vG9M0fw.png\"},\"msg\":\"1324<img src=\'/emjoy/2@2x.png\' class=\'emjoy\'/><img src=\'/emjoy/17@2x.png\' class=\'emjoy\'/>\",\"to\":{\"nick\":\"用户1234133\",\"uId\":\"uId1\",\"picture\":\"/userImg/uCQa_XKaI9eBnJ14zDfbPs7n.jpg\",\"type\":1}}',1,0,'2016-06-01 15:06:27',1),(165,2,1,'{\"from\":{\"nick\":\"这是另一个账号\",\"uId\":\"uId2\",\"picture\":\"/userImg/vChKxEf4RMRPFu0o8vG9M0fw.png\"},\"msg\":[{\"linkPath\":\"/userImg/TJzDoh4c_9z39QN7dbaUFcGz.jpg\",\"name\":\"7ff1630ajw1eq2qgxix32j217l0wc7ph.jpg\"}],\"to\":{\"nick\":\"用户1234133\",\"uId\":\"uId1\",\"picture\":\"/userImg/uCQa_XKaI9eBnJ14zDfbPs7n.jpg\",\"type\":1}}',2,0,'2016-06-01 15:06:32',1),(166,2,1,'{\"from\":{\"nick\":\"这是另一个账号\",\"uId\":\"uId2\",\"picture\":\"/userImg/vChKxEf4RMRPFu0o8vG9M0fw.png\"},\"msg\":[{\"linkPath\":\"/files/fTTnWUhZMfRpS6p3znNP4kK0.pdf\",\"name\":\"校历.pdf\"}],\"to\":{\"nick\":\"用户1234133\",\"uId\":\"uId1\",\"picture\":\"/userImg/uCQa_XKaI9eBnJ14zDfbPs7n.jpg\",\"type\":1}}',3,0,'2016-06-01 15:06:37',1),(167,1,2,'{\"from\":{\"nick\":\"用户1234133\",\"uId\":\"uId1\",\"picture\":\"/userImg/uCQa_XKaI9eBnJ14zDfbPs7n.jpg\"},\"msg\":\"123\",\"to\":{\"nick\":\"换个名字\",\"uId\":\"groupId2\",\"picture\":\"\",\"type\":2}}',1,1,'2016-06-01 15:27:09',1),(168,2,2,'{\"from\":{\"nick\":\"这是另一个账号\",\"uId\":\"uId2\",\"picture\":\"/userImg/vChKxEf4RMRPFu0o8vG9M0fw.png\"},\"msg\":\"123124\",\"to\":{\"nick\":\"换个名字\",\"uId\":\"groupId2\",\"picture\":\"\",\"type\":2}}',1,1,'2016-06-01 15:27:21',1),(169,1,2,'{\"from\":{\"nick\":\"用户1234133\",\"uId\":\"uId1\",\"picture\":\"/userImg/uCQa_XKaI9eBnJ14zDfbPs7n.jpg\"},\"msg\":\"123432\",\"to\":{\"nick\":\"换个名字\",\"uId\":\"groupId2\",\"picture\":\"\",\"type\":2}}',1,1,'2016-06-01 15:27:24',1),(170,2,3,'{\"from\":{\"nick\":\"这是另一个账号\",\"uId\":\"uId2\",\"picture\":\"/userImg/vChKxEf4RMRPFu0o8vG9M0fw.png\"},\"msg\":\"123412\",\"to\":{\"nick\":\"群2\",\"uId\":\"groupId3\",\"picture\":\"\",\"type\":2}}',1,1,'2016-06-01 15:27:29',1),(171,2,3,'{\"from\":{\"nick\":\"这是另一个账号\",\"uId\":\"uId2\",\"picture\":\"/userImg/vChKxEf4RMRPFu0o8vG9M0fw.png\"},\"msg\":\"3245235\",\"to\":{\"nick\":\"群2\",\"uId\":\"groupId3\",\"picture\":\"\",\"type\":2}}',1,1,'2016-06-01 15:27:47',1),(172,1,3,'{\"from\":{\"nick\":\"用户1234133\",\"uId\":\"uId1\",\"picture\":\"/userImg/uCQa_XKaI9eBnJ14zDfbPs7n.jpg\"},\"msg\":\"12341324\",\"to\":{\"nick\":\"群2\",\"uId\":\"groupId3\",\"picture\":\"\",\"type\":2}}',1,1,'2016-06-01 15:28:00',1),(173,2,3,'{\"from\":{\"nick\":\"这是另一个账号\",\"uId\":\"uId2\",\"picture\":\"/userImg/vChKxEf4RMRPFu0o8vG9M0fw.png\"},\"msg\":\"123534255\",\"to\":{\"nick\":\"群2\",\"uId\":\"groupId3\",\"picture\":\"\",\"type\":2}}',1,1,'2016-06-01 15:28:09',1),(174,1,2,'{\"from\":{\"nick\":\"用户1234133\",\"uId\":\"uId1\",\"picture\":\"/userImg/uCQa_XKaI9eBnJ14zDfbPs7n.jpg\"},\"msg\":\"1324324\",\"to\":{\"nick\":\"换个名字\",\"uId\":\"groupId2\",\"picture\":\"\",\"type\":2}}',1,1,'2016-06-01 15:28:14',1),(175,1,2,'{\"from\":{\"nick\":\"用户1234133\",\"uId\":\"uId1\",\"picture\":\"/userImg/uCQa_XKaI9eBnJ14zDfbPs7n.jpg\"},\"msg\":\"2345345\",\"to\":{\"nick\":\"换个名字\",\"uId\":\"groupId2\",\"picture\":\"\",\"type\":2}}',1,1,'2016-06-01 15:28:19',1),(176,1,2,'{\"from\":{\"nick\":\"用户1234133\",\"uId\":\"uId1\",\"picture\":\"/userImg/uCQa_XKaI9eBnJ14zDfbPs7n.jpg\"},\"msg\":\"1234234\",\"to\":{\"nick\":\"换个名字\",\"uId\":\"groupId2\",\"picture\":\"\",\"type\":2}}',1,1,'2016-06-01 15:28:52',1),(177,2,3,'{\"from\":{\"nick\":\"这是另一个账号\",\"uId\":\"uId2\",\"picture\":\"/userImg/vChKxEf4RMRPFu0o8vG9M0fw.png\"},\"msg\":\"1234124\",\"to\":{\"nick\":\"群2\",\"uId\":\"groupId3\",\"picture\":\"\",\"type\":2}}',1,1,'2016-06-01 15:29:00',1),(178,2,2,'{\"from\":{\"nick\":\"这是另一个账号\",\"uId\":\"uId2\",\"picture\":\"/userImg/vChKxEf4RMRPFu0o8vG9M0fw.png\"},\"msg\":\"142513525\",\"to\":{\"nick\":\"换个名字\",\"uId\":\"groupId2\",\"picture\":\"\",\"type\":2}}',1,1,'2016-06-01 15:29:05',1),(179,1,2,'{\"from\":{\"nick\":\"用户1234133\",\"uId\":\"uId1\",\"picture\":\"/userImg/uCQa_XKaI9eBnJ14zDfbPs7n.jpg\"},\"msg\":\"1234\",\"to\":{\"nick\":\"换个名字\",\"uId\":\"groupId2\",\"picture\":\"\",\"type\":2}}',1,1,'2016-06-01 15:30:44',1),(180,2,2,'{\"from\":{\"nick\":\"这是另一个账号\",\"uId\":\"uId2\",\"picture\":\"/userImg/vChKxEf4RMRPFu0o8vG9M0fw.png\"},\"msg\":\"1425\",\"to\":{\"nick\":\"换个名字\",\"uId\":\"groupId2\",\"picture\":\"\",\"type\":2}}',1,1,'2016-06-01 15:30:47',1),(181,1,2,'{\"from\":{\"nick\":\"用户1234133\",\"uId\":\"uId1\",\"picture\":\"/userImg/uCQa_XKaI9eBnJ14zDfbPs7n.jpg\"},\"msg\":\"1324324\",\"to\":{\"nick\":\"换个名字\",\"uId\":\"groupId2\",\"picture\":\"\",\"type\":2}}',1,1,'2016-06-01 15:32:19',1),(182,2,2,'{\"from\":{\"nick\":\"这是另一个账号\",\"uId\":\"uId2\",\"picture\":\"/userImg/vChKxEf4RMRPFu0o8vG9M0fw.png\"},\"msg\":\"1234\",\"to\":{\"nick\":\"换个名字\",\"uId\":\"groupId2\",\"picture\":\"\",\"type\":2}}',1,1,'2016-06-01 15:32:41',1),(183,2,2,'{\"from\":{\"nick\":\"这是另一个账号\",\"uId\":\"uId2\",\"picture\":\"/userImg/vChKxEf4RMRPFu0o8vG9M0fw.png\"},\"msg\":\"12341234\",\"to\":{\"nick\":\"换个名字\",\"uId\":\"groupId2\",\"picture\":\"\",\"type\":2}}',1,1,'2016-06-01 15:35:15',1),(184,1,3,'{\"from\":{\"nick\":\"用户1234133\",\"uId\":\"uId1\",\"picture\":\"/userImg/uCQa_XKaI9eBnJ14zDfbPs7n.jpg\"},\"msg\":\"145235\",\"to\":{\"nick\":\"群2\",\"uId\":\"groupId3\",\"picture\":\"\",\"type\":2}}',1,1,'2016-06-01 15:35:21',1),(185,2,2,'{\"from\":{\"nick\":\"这是另一个账号\",\"uId\":\"uId2\",\"picture\":\"/userImg/vChKxEf4RMRPFu0o8vG9M0fw.png\"},\"msg\":\"1234\",\"to\":{\"nick\":\"换个名字\",\"uId\":\"groupId2\",\"picture\":\"\",\"type\":2}}',1,1,'2016-06-01 15:40:02',1),(186,2,2,'{\"from\":{\"nick\":\"这是另一个账号\",\"uId\":\"uId2\",\"picture\":\"/userImg/vChKxEf4RMRPFu0o8vG9M0fw.png\"},\"msg\":\"1234\",\"to\":{\"nick\":\"换个名字\",\"uId\":\"groupId2\",\"picture\":\"\",\"type\":2}}',1,1,'2016-06-01 15:45:48',1),(187,1,7,'{\"from\":{\"nick\":\"用户1234133\",\"uId\":\"uId1\",\"picture\":\"/userImg/uCQa_XKaI9eBnJ14zDfbPs7n.jpg\"},\"msg\":[{\"linkPath\":\"/files/tpUh-HHJXack0EkDf_ZCEBs5.pdf\",\"name\":\"2015-2016学年校历.pdf\"}],\"to\":{\"nick\":\"test2\",\"uId\":\"uId7\",\"picture\":\"/images/shuijiao.jpg\",\"type\":1}}',3,0,'2016-06-01 15:51:14',1),(188,1,7,'{\"from\":{\"nick\":\"用户1234133\",\"uId\":\"uId1\",\"picture\":\"/userImg/uCQa_XKaI9eBnJ14zDfbPs7n.jpg\"},\"msg\":[{\"linkPath\":\"/files/PDkW2RusDxYBABVrfWLiGwaw.pdf\",\"name\":\"2015-2016学年校历.pdf\"}],\"to\":{\"nick\":\"test2\",\"uId\":\"uId7\",\"picture\":\"/images/shuijiao.jpg\",\"type\":1}}',3,0,'2016-06-01 15:51:28',1),(189,1,7,'{\"from\":{\"nick\":\"用户1234133\",\"uId\":\"uId1\",\"picture\":\"/userImg/uCQa_XKaI9eBnJ14zDfbPs7n.jpg\"},\"msg\":\"1234\",\"to\":{\"nick\":\"test2\",\"uId\":\"uId7\",\"picture\":\"/images/shuijiao.jpg\",\"type\":1}}',1,0,'2016-06-01 15:52:27',1),(190,1,7,'{\"from\":{\"nick\":\"用户1234133\",\"uId\":\"uId1\",\"picture\":\"/userImg/uCQa_XKaI9eBnJ14zDfbPs7n.jpg\"},\"msg\":[{\"linkPath\":\"/files/b6DvwVPs6fRSvQ8lz8CBk78x.pdf\",\"name\":\"2015-2016学年校历.pdf\"}],\"to\":{\"nick\":\"test2\",\"uId\":\"uId7\",\"picture\":\"/images/shuijiao.jpg\",\"type\":1}}',3,0,'2016-06-01 15:52:31',1),(191,1,7,'{\"from\":{\"nick\":\"用户1234133\",\"uId\":\"uId1\",\"picture\":\"/userImg/uCQa_XKaI9eBnJ14zDfbPs7n.jpg\"},\"msg\":[{\"linkPath\":\"/files/0X57GgeZmSdc8fy2TsROQrNU.doc\",\"name\":\"Java简历.doc\"},{\"linkPath\":\"/files/fwSOBaIyk5hewW-TJejHLrhO.pdf\",\"name\":\"JavaScript权威指南(第6版)(中文版).pdf\"}],\"to\":{\"nick\":\"test2\",\"uId\":\"uId7\",\"picture\":\"/images/shuijiao.jpg\",\"type\":1}}',3,0,'2016-06-01 15:52:53',1),(192,1,2,'{\"from\":{\"nick\":\"用户1234133\",\"uId\":\"uId1\",\"picture\":\"/userImg/uCQa_XKaI9eBnJ14zDfbPs7n.jpg\"},\"msg\":\"1324\",\"to\":{\"nick\":\"换个名字\",\"uId\":\"groupId2\",\"picture\":\"\",\"type\":2}}',1,1,'2016-06-01 15:53:14',1),(193,2,2,'{\"from\":{\"nick\":\"这是另一个账号\",\"uId\":\"uId2\",\"picture\":\"/userImg/vChKxEf4RMRPFu0o8vG9M0fw.png\"},\"msg\":\"1324134\",\"to\":{\"nick\":\"换个名字\",\"uId\":\"groupId2\",\"picture\":\"\",\"type\":2}}',1,1,'2016-06-01 15:55:33',1),(194,2,1,'{\"from\":{\"nick\":\"这是另一个账号\",\"uId\":\"uId2\",\"picture\":\"/userImg/vChKxEf4RMRPFu0o8vG9M0fw.png\"},\"msg\":\"1234\",\"to\":{\"nick\":\"用户1234133\",\"uId\":\"uId1\",\"picture\":\"/userImg/uCQa_XKaI9eBnJ14zDfbPs7n.jpg\",\"type\":1}}',1,0,'2016-06-01 16:00:34',1),(195,1,2,'{\"from\":{\"nick\":\"用户1234133\",\"uId\":\"uId1\",\"picture\":\"/userImg/uCQa_XKaI9eBnJ14zDfbPs7n.jpg\"},\"msg\":\"13241324\",\"to\":{\"nick\":\"换个名字\",\"uId\":\"groupId2\",\"picture\":\"\",\"type\":2}}',1,1,'2016-06-01 16:01:00',1),(196,2,2,'{\"from\":{\"nick\":\"这是另一个账号\",\"uId\":\"uId2\",\"picture\":\"/userImg/vChKxEf4RMRPFu0o8vG9M0fw.png\"},\"msg\":\"12341234\",\"to\":{\"nick\":\"换个名字\",\"uId\":\"groupId2\",\"picture\":\"\",\"type\":2}}',1,1,'2016-06-01 16:01:09',1),(197,2,2,'{\"from\":{\"nick\":\"这是另一个账号\",\"uId\":\"uId2\",\"picture\":\"/userImg/vChKxEf4RMRPFu0o8vG9M0fw.png\"},\"msg\":\"1341324\",\"to\":{\"nick\":\"换个名字\",\"uId\":\"groupId2\",\"picture\":\"\",\"type\":2}}',1,1,'2016-06-01 16:01:17',1),(198,2,2,'{\"from\":{\"nick\":\"这是另一个账号\",\"uId\":\"uId2\",\"picture\":\"/userImg/vChKxEf4RMRPFu0o8vG9M0fw.png\"},\"msg\":\"12341324\",\"to\":{\"nick\":\"换个名字\",\"uId\":\"groupId2\",\"picture\":\"\",\"type\":2}}',1,1,'2016-06-01 16:04:05',1),(199,1,2,'{\"from\":{\"nick\":\"用户1234133\",\"uId\":\"uId1\",\"picture\":\"/userImg/uCQa_XKaI9eBnJ14zDfbPs7n.jpg\"},\"msg\":\"1234\",\"to\":{\"nick\":\"换个名字\",\"uId\":\"groupId2\",\"picture\":\"\",\"type\":2}}',1,1,'2016-06-01 16:06:08',1),(200,2,2,'{\"from\":{\"nick\":\"这是另一个账号\",\"uId\":\"uId2\",\"picture\":\"/userImg/vChKxEf4RMRPFu0o8vG9M0fw.png\"},\"msg\":\"1234\",\"to\":{\"nick\":\"换个名字\",\"uId\":\"groupId2\",\"picture\":\"\",\"type\":2}}',1,1,'2016-06-01 16:07:49',1),(201,1,2,'{\"from\":{\"nick\":\"用户1234133\",\"uId\":\"uId1\",\"picture\":\"/userImg/uCQa_XKaI9eBnJ14zDfbPs7n.jpg\"},\"msg\":\"1234\",\"to\":{\"nick\":\"换个名字\",\"uId\":\"groupId2\",\"picture\":\"\",\"type\":2}}',1,1,'2016-06-01 16:07:54',1),(202,1,2,'{\"from\":{\"nick\":\"用户1234133\",\"uId\":\"uId1\",\"picture\":\"/userImg/uCQa_XKaI9eBnJ14zDfbPs7n.jpg\"},\"msg\":\"1324125145\",\"to\":{\"nick\":\"换个名字\",\"uId\":\"groupId2\",\"picture\":\"\",\"type\":2}}',1,1,'2016-06-01 16:09:09',1),(203,2,2,'{\"from\":{\"nick\":\"这是另一个账号\",\"uId\":\"uId2\",\"picture\":\"/userImg/vChKxEf4RMRPFu0o8vG9M0fw.png\"},\"msg\":\"12341324\",\"to\":{\"nick\":\"换个名字\",\"uId\":\"groupId2\",\"picture\":\"\",\"type\":2}}',1,1,'2016-06-01 16:09:52',1),(204,1,2,'{\"from\":{\"nick\":\"用户1234133\",\"uId\":\"uId1\",\"picture\":\"/userImg/uCQa_XKaI9eBnJ14zDfbPs7n.jpg\"},\"msg\":\"123454135\",\"to\":{\"nick\":\"这是另一个账号\",\"uId\":\"uId2\",\"picture\":\"/userImg/vChKxEf4RMRPFu0o8vG9M0fw.png\",\"type\":1}}',1,0,'2016-06-01 16:10:06',1),(205,1,2,'{\"from\":{\"nick\":\"用户1234133\",\"uId\":\"uId1\",\"picture\":\"/userImg/uCQa_XKaI9eBnJ14zDfbPs7n.jpg\"},\"msg\":[{\"linkPath\":\"/files/oCjpnxRKy25P5PLX82QJfDtb.pdf\",\"name\":\"校历.pdf\"}],\"to\":{\"nick\":\"换个名字\",\"uId\":\"groupId2\",\"picture\":\"\",\"type\":2}}',3,1,'2016-06-01 16:48:46',1),(206,1,11,'{\"from\":{\"nick\":\"用户1234133\",\"uId\":\"uId1\",\"picture\":\"/userImg/uCQa_XKaI9eBnJ14zDfbPs7n.jpg\"},\"msg\":\"213\",\"to\":{\"nick\":\"vuji\",\"uId\":\"uId11\",\"picture\":\"/images/shuijiao.jpg\",\"type\":1}}',1,0,'2016-06-02 11:29:58',1),(207,1,11,'{\"from\":{\"nick\":\"用户1234133\",\"uId\":\"uId1\",\"picture\":\"/userImg/uCQa_XKaI9eBnJ14zDfbPs7n.jpg\"},\"msg\":\"<img src=\'/emjoy/20@2x.png\' class=\'emjoy\'/>\",\"to\":{\"nick\":\"vuji\",\"uId\":\"uId11\",\"picture\":\"/images/shuijiao.jpg\",\"type\":1}}',1,0,'2016-06-02 11:30:01',1),(208,1,2,'{\"from\":{\"nick\":\"用户1234133\",\"uId\":\"uId1\",\"picture\":\"/userImg/uCQa_XKaI9eBnJ14zDfbPs7n.jpg\"},\"msg\":\"123432\",\"to\":{\"nick\":\"这是另一个账号\",\"uId\":\"uId2\",\"picture\":\"/userImg/vChKxEf4RMRPFu0o8vG9M0fw.png\",\"type\":1}}',1,0,'2016-06-02 11:31:36',1),(209,1,11,'{\"from\":{\"nick\":\"用户1234133\",\"uId\":\"uId1\",\"picture\":\"/userImg/uCQa_XKaI9eBnJ14zDfbPs7n.jpg\"},\"msg\":\"1234123423534\",\"to\":{\"nick\":\"vuji\",\"uId\":\"uId11\",\"picture\":\"/images/shuijiao.jpg\",\"type\":1}}',1,0,'2016-06-02 11:31:46',1),(210,1,11,'{\"from\":{\"nick\":\"用户1234133\",\"uId\":\"uId1\",\"picture\":\"/userImg/uCQa_XKaI9eBnJ14zDfbPs7n.jpg\"},\"msg\":\"14352345\",\"to\":{\"nick\":\"vuji\",\"uId\":\"uId11\",\"picture\":\"/images/shuijiao.jpg\",\"type\":1}}',1,0,'2016-06-02 11:31:47',1),(211,1,11,'{\"from\":{\"nick\":\"用户1234133\",\"uId\":\"uId1\",\"picture\":\"/userImg/uCQa_XKaI9eBnJ14zDfbPs7n.jpg\"},\"msg\":\"345\",\"to\":{\"nick\":\"vuji\",\"uId\":\"uId11\",\"picture\":\"/images/shuijiao.jpg\",\"type\":1}}',1,0,'2016-06-02 11:31:47',1),(212,1,11,'{\"from\":{\"nick\":\"用户1234133\",\"uId\":\"uId1\",\"picture\":\"/userImg/uCQa_XKaI9eBnJ14zDfbPs7n.jpg\"},\"msg\":\"2345\",\"to\":{\"nick\":\"vuji\",\"uId\":\"uId11\",\"picture\":\"/images/shuijiao.jpg\",\"type\":1}}',1,0,'2016-06-02 11:31:48',1),(213,1,11,'{\"from\":{\"nick\":\"用户1234133\",\"uId\":\"uId1\",\"picture\":\"/userImg/uCQa_XKaI9eBnJ14zDfbPs7n.jpg\"},\"msg\":\"35\",\"to\":{\"nick\":\"vuji\",\"uId\":\"uId11\",\"picture\":\"/images/shuijiao.jpg\",\"type\":1}}',1,0,'2016-06-02 11:31:48',1),(214,1,11,'{\"from\":{\"nick\":\"用户1234133\",\"uId\":\"uId1\",\"picture\":\"/userImg/uCQa_XKaI9eBnJ14zDfbPs7n.jpg\"},\"msg\":\"2345\",\"to\":{\"nick\":\"vuji\",\"uId\":\"uId11\",\"picture\":\"/images/shuijiao.jpg\",\"type\":1}}',1,0,'2016-06-02 11:31:48',1),(215,1,11,'{\"from\":{\"nick\":\"用户1234133\",\"uId\":\"uId1\",\"picture\":\"/userImg/uCQa_XKaI9eBnJ14zDfbPs7n.jpg\"},\"msg\":\"435\",\"to\":{\"nick\":\"vuji\",\"uId\":\"uId11\",\"picture\":\"/images/shuijiao.jpg\",\"type\":1}}',1,0,'2016-06-02 11:31:49',1),(216,1,2,'{\"from\":{\"nick\":\"用户1234133\",\"uId\":\"uId1\",\"picture\":\"/userImg/uCQa_XKaI9eBnJ14zDfbPs7n.jpg\"},\"msg\":\"1324\",\"to\":{\"nick\":\"换个名字\",\"uId\":\"groupId2\",\"picture\":\"\",\"type\":2}}',1,1,'2016-06-02 11:36:33',1),(217,11,2,'{\"from\":{\"nick\":\"vuji\",\"uId\":\"uId11\",\"picture\":\"/images/shuijiao.jpg\"},\"msg\":\"123\",\"to\":{\"nick\":\"换个名字\",\"uId\":\"groupId2\",\"picture\":\"\",\"type\":2}}',1,1,'2016-06-02 14:31:40',1),(218,11,1,'{\"from\":{\"nick\":\"vuji\",\"uId\":\"uId11\",\"picture\":\"/images/shuijiao.jpg\"},\"msg\":\"1234324\",\"to\":{\"nick\":\"用户1234133\",\"uId\":\"uId1\",\"picture\":\"/userImg/uCQa_XKaI9eBnJ14zDfbPs7n.jpg\",\"type\":1}}',1,0,'2016-06-02 14:32:21',1),(219,2,2,'{\"from\":{\"nick\":\"这是另一个账号\",\"uId\":\"uId2\",\"picture\":\"/userImg/vChKxEf4RMRPFu0o8vG9M0fw.png\"},\"msg\":\"1234\",\"to\":{\"nick\":\"换个名字\",\"uId\":\"groupId2\",\"picture\":\"\",\"type\":2}}',1,1,'2016-06-02 14:35:23',1),(220,1,11,'{\"from\":{\"nick\":\"用户1234133\",\"uId\":\"uId1\",\"picture\":\"/userImg/uCQa_XKaI9eBnJ14zDfbPs7n.jpg\"},\"msg\":\"1341234\",\"to\":{\"nick\":\"vuji\",\"uId\":\"uId11\",\"picture\":\"/images/shuijiao.jpg\",\"type\":1}}',1,0,'2016-06-02 14:40:41',1),(221,1,2,'{\"from\":{\"nick\":\"用户1234133\",\"uId\":\"uId1\",\"picture\":\"/userImg/uCQa_XKaI9eBnJ14zDfbPs7n.jpg\"},\"msg\":\"123434\",\"to\":{\"nick\":\"换个名字\",\"uId\":\"groupId2\",\"picture\":\"\",\"type\":2}}',1,1,'2016-06-02 14:40:45',1),(222,1,2,'{\"from\":{\"nick\":\"用户1234133\",\"uId\":\"uId1\",\"picture\":\"/userImg/uCQa_XKaI9eBnJ14zDfbPs7n.jpg\"},\"msg\":\"1234\",\"to\":{\"nick\":\"换个名字\",\"uId\":\"groupId2\",\"picture\":\"\",\"type\":2}}',1,1,'2016-06-02 14:41:38',1),(223,2,2,'{\"from\":{\"nick\":\"这是另一个账号\",\"uId\":\"uId2\",\"picture\":\"/userImg/vChKxEf4RMRPFu0o8vG9M0fw.png\"},\"msg\":\"123\",\"to\":{\"nick\":\"换个名字\",\"uId\":\"groupId2\",\"picture\":\"\",\"type\":2}}',1,1,'2016-06-02 14:42:32',1),(224,1,2,'{\"from\":{\"nick\":\"用户1234133\",\"uId\":\"uId1\",\"picture\":\"/userImg/uCQa_XKaI9eBnJ14zDfbPs7n.jpg\"},\"msg\":\"1234\",\"to\":{\"nick\":\"这是另一个账号\",\"uId\":\"uId2\",\"picture\":\"/userImg/vChKxEf4RMRPFu0o8vG9M0fw.png\",\"type\":1}}',1,0,'2016-06-02 14:42:47',1),(225,2,1,'{\"from\":{\"nick\":\"这是另一个账号\",\"uId\":\"uId2\",\"picture\":\"/userImg/vChKxEf4RMRPFu0o8vG9M0fw.png\"},\"msg\":\"1234\",\"to\":{\"nick\":\"用户1234133\",\"uId\":\"uId1\",\"picture\":\"\",\"type\":2}}',1,1,'2016-06-02 14:43:33',1),(226,1,2,'{\"from\":{\"nick\":\"用户1234133\",\"uId\":\"uId1\",\"picture\":\"/userImg/uCQa_XKaI9eBnJ14zDfbPs7n.jpg\"},\"msg\":\"1234\",\"to\":{\"nick\":\"这是另一个账号\",\"uId\":\"uId2\",\"picture\":\"\",\"type\":2}}',1,1,'2016-06-02 14:43:41',1),(227,2,2,'{\"from\":{\"nick\":\"这是另一个账号\",\"uId\":\"uId2\",\"picture\":\"/userImg/vChKxEf4RMRPFu0o8vG9M0fw.png\"},\"msg\":\"1234\",\"to\":{\"nick\":\"换个名字\",\"uId\":\"groupId2\",\"picture\":\"\",\"type\":2}}',1,1,'2016-06-02 14:49:35',1),(228,1,11,'{\"from\":{\"nick\":\"用户1234133\",\"uId\":\"uId1\",\"picture\":\"/userImg/uCQa_XKaI9eBnJ14zDfbPs7n.jpg\"},\"msg\":\"1234\",\"to\":{\"nick\":\"vuji\",\"uId\":\"uId11\",\"picture\":\"/images/shuijiao.jpg\",\"type\":1}}',1,0,'2016-06-02 14:49:45',1),(229,2,2,'{\"from\":{\"nick\":\"这是另一个账号\",\"uId\":\"uId2\",\"picture\":\"/userImg/vChKxEf4RMRPFu0o8vG9M0fw.png\"},\"msg\":\"123\",\"to\":{\"nick\":\"换个名字\",\"uId\":\"groupId2\",\"picture\":\"\",\"type\":2}}',1,1,'2016-06-02 14:51:41',1),(230,2,1,'{\"from\":{\"nick\":\"这是另一个账号\",\"uId\":\"uId2\",\"picture\":\"/userImg/vChKxEf4RMRPFu0o8vG9M0fw.png\"},\"msg\":\"测试，你好\",\"to\":{\"nick\":\"用户1234133\",\"uId\":\"uId1\",\"picture\":\"/userImg/uCQa_XKaI9eBnJ14zDfbPs7n.jpg\",\"type\":1}}',1,0,'2016-06-02 14:51:59',1),(231,1,2,'{\"from\":{\"nick\":\"用户1234133\",\"uId\":\"uId1\",\"picture\":\"/userImg/uCQa_XKaI9eBnJ14zDfbPs7n.jpg\"},\"msg\":\"我是测试，你是另一个账号\",\"to\":{\"nick\":\"这是另一个账号\",\"uId\":\"uId2\",\"picture\":\"/userImg/vChKxEf4RMRPFu0o8vG9M0fw.png\",\"type\":1}}',1,0,'2016-06-02 14:52:22',1),(232,11,1,'{\"from\":{\"nick\":\"vuji\",\"uId\":\"uId11\",\"picture\":\"/images/shuijiao.jpg\"},\"msg\":\"用户  你好，我要和你聊天\",\"to\":{\"nick\":\"用户1234133\",\"uId\":\"uId1\",\"picture\":\"/userImg/uCQa_XKaI9eBnJ14zDfbPs7n.jpg\",\"type\":1}}',1,0,'2016-06-02 14:52:45',1),(233,1,11,'{\"from\":{\"nick\":\"用户1234133\",\"uId\":\"uId1\",\"picture\":\"/userImg/uCQa_XKaI9eBnJ14zDfbPs7n.jpg\"},\"msg\":\"那就聊天吧\",\"to\":{\"nick\":\"vuji\",\"uId\":\"uId11\",\"picture\":\"/images/shuijiao.jpg\",\"type\":1}}',1,0,'2016-06-02 14:52:58',1),(234,2,3,'{\"from\":{\"nick\":\"这是另一个账号\",\"uId\":\"uId2\",\"picture\":\"/userImg/vChKxEf4RMRPFu0o8vG9M0fw.png\"},\"msg\":\"1243\",\"to\":{\"nick\":\"群4\",\"uId\":\"groupId3\",\"picture\":\"\",\"type\":2}}',1,1,'2016-06-02 15:07:38',1),(235,2,3,'{\"from\":{\"nick\":\"这是另一个账号\",\"uId\":\"uId2\",\"picture\":\"/userImg/vChKxEf4RMRPFu0o8vG9M0fw.png\"},\"msg\":\"1234\",\"to\":{\"nick\":\"群4\",\"uId\":\"groupId3\",\"picture\":\"\",\"type\":2}}',1,1,'2016-06-02 15:07:58',1),(236,2,3,'{\"from\":{\"nick\":\"这是另一个账号\",\"uId\":\"uId2\",\"picture\":\"/userImg/vChKxEf4RMRPFu0o8vG9M0fw.png\"},\"msg\":\"123432<img src=\'/emjoy/10@2x.png\' class=\'emjoy\'/><img src=\'/emjoy/20@2x.png\' class=\'emjoy\'/>\",\"to\":{\"nick\":\"群4\",\"uId\":\"groupId3\",\"picture\":\"\",\"type\":2}}',1,1,'2016-06-02 15:08:16',1),(237,1,3,'{\"from\":{\"nick\":\"用户1234133\",\"uId\":\"uId1\",\"picture\":\"/userImg/uCQa_XKaI9eBnJ14zDfbPs7n.jpg\"},\"msg\":\"hh\",\"to\":{\"nick\":\"群4\",\"uId\":\"groupId3\",\"picture\":\"\",\"type\":2}}',1,1,'2016-06-02 15:56:20',1),(238,11,2,'{\"from\":{\"nick\":\"vuji\",\"uId\":\"uId11\",\"picture\":\"/images/shuijiao.jpg\"},\"msg\":\"123\",\"to\":{\"nick\":\"换个名字\",\"uId\":\"groupId2\",\"picture\":\"\",\"type\":2}}',1,1,'2016-06-02 16:21:32',1),(239,11,2,'{\"from\":{\"nick\":\"vuji\",\"uId\":\"uId11\",\"picture\":\"/images/shuijiao.jpg\"},\"msg\":\"1234\",\"to\":{\"nick\":\"换个名字\",\"uId\":\"groupId2\",\"picture\":\"\",\"type\":2}}',1,1,'2016-06-02 16:24:17',1),(240,2,1,'{\"from\":{\"nick\":\"这是另一个账号\",\"uId\":\"uId2\",\"picture\":\"/userImg/vChKxEf4RMRPFu0o8vG9M0fw.png\"},\"msg\":\"123<img src=\'/emjoy/11@2x.png\' class=\'emjoy\'/><img src=\'/emjoy/22@2x.png\' class=\'emjoy\'/>\",\"to\":{\"nick\":\"用户1234133\",\"uId\":\"uId1\",\"picture\":\"/userImg/uCQa_XKaI9eBnJ14zDfbPs7n.jpg\",\"type\":1}}',1,0,'2016-06-02 16:24:27',1),(241,11,2,'{\"from\":{\"nick\":\"vuji\",\"uId\":\"uId11\",\"picture\":\"/images/shuijiao.jpg\"},\"msg\":\"qadsf\",\"to\":{\"nick\":\"换个名字\",\"uId\":\"groupId2\",\"picture\":\"\",\"type\":2}}',1,1,'2016-06-02 22:53:39',1),(242,1,2,'{\"from\":{\"nick\":\"用户1234133\",\"uId\":\"uId1\",\"picture\":\"/userImg/uCQa_XKaI9eBnJ14zDfbPs7n.jpg\"},\"msg\":\"123456789\",\"to\":{\"nick\":\"这是另一个账号\",\"uId\":\"uId2\",\"picture\":\"/userImg/vChKxEf4RMRPFu0o8vG9M0fw.png\",\"type\":1}}',1,0,'2016-06-02 22:53:49',1),(243,1,2,'{\"from\":{\"nick\":\"用户1234133\",\"uId\":\"uId1\",\"picture\":\"/userImg/uCQa_XKaI9eBnJ14zDfbPs7n.jpg\"},\"msg\":\"<img src=\'/emjoy/21@2x.png\' class=\'emjoy\'/><img src=\'/emjoy/18@2x.png\' class=\'emjoy\'/>234\",\"to\":{\"nick\":\"这是另一个账号\",\"uId\":\"uId2\",\"picture\":\"/userImg/vChKxEf4RMRPFu0o8vG9M0fw.png\",\"type\":1}}',1,0,'2016-06-02 22:54:55',1),(244,1,2,'{\"from\":{\"nick\":\"用户1234133\",\"uId\":\"uId1\",\"picture\":\"/userImg/uCQa_XKaI9eBnJ14zDfbPs7n.jpg\"},\"msg\":[{\"linkPath\":\"/userImg/UToz5h6AC0zilLuOhYgzAt_q.jpg\",\"name\":\"7ff1630ajw1eq2qgxix32j217l0wc7ph.jpg\"}],\"to\":{\"nick\":\"这是另一个账号\",\"uId\":\"uId2\",\"picture\":\"/userImg/vChKxEf4RMRPFu0o8vG9M0fw.png\",\"type\":1}}',2,0,'2016-06-02 22:55:02',1),(245,2,1,'{\"from\":{\"nick\":\"这是另一个账号\",\"uId\":\"uId2\",\"picture\":\"/userImg/vChKxEf4RMRPFu0o8vG9M0fw.png\"},\"msg\":[{\"linkPath\":\"/files/JWVHzNqCtH0WQpQ1MnZqJ_Qb.pdf\",\"name\":\"校历.pdf\"}],\"to\":{\"nick\":\"用户1234133\",\"uId\":\"uId1\",\"picture\":\"/userImg/uCQa_XKaI9eBnJ14zDfbPs7n.jpg\",\"type\":1}}',3,0,'2016-06-02 22:55:14',1),(246,11,1,'{\"from\":{\"nick\":\"vuji\",\"uId\":\"uId11\",\"picture\":\"/images/shuijiao.jpg\"},\"msg\":[{\"linkPath\":\"/files/qYhc5ym9s5ZLnzfARnrBjFcS.jpg\",\"name\":\"7ff1630ajw1eq2qgxix32j217l0wc7ph.jpg\"}],\"to\":{\"nick\":\"用户1234133\",\"uId\":\"uId1\",\"picture\":\"/userImg/uCQa_XKaI9eBnJ14zDfbPs7n.jpg\",\"type\":1}}',3,0,'2016-06-02 22:55:46',1),(247,11,1,'{\"from\":{\"nick\":\"vuji\",\"uId\":\"uId11\",\"picture\":\"/images/shuijiao.jpg\"},\"msg\":[{\"linkPath\":\"/userImg/xv_izlAYM9vywLs7XdfBxw6U.jpg\",\"name\":\"7ff1630ajw1eq2qgxix32j217l0wc7ph.jpg\"}],\"to\":{\"nick\":\"用户1234133\",\"uId\":\"uId1\",\"picture\":\"/userImg/uCQa_XKaI9eBnJ14zDfbPs7n.jpg\",\"type\":1}}',2,0,'2016-06-02 22:56:10',1),(248,11,1,'{\"from\":{\"nick\":\"vuji\",\"uId\":\"uId11\",\"picture\":\"/images/shuijiao.jpg\"},\"msg\":[{\"linkPath\":\"/files/vAZgO34G34B60cy2dLuwTmax.pdf\",\"name\":\"校历.pdf\"}],\"to\":{\"nick\":\"用户1234133\",\"uId\":\"uId1\",\"picture\":\"/userImg/uCQa_XKaI9eBnJ14zDfbPs7n.jpg\",\"type\":1}}',3,0,'2016-06-02 22:57:15',1),(249,1,11,'{\"from\":{\"nick\":\"用户1234133\",\"uId\":\"uId1\",\"picture\":\"/userImg/uCQa_XKaI9eBnJ14zDfbPs7n.jpg\"},\"msg\":[{\"linkPath\":\"/files/16XpMNb5jkO-naDXv4adOXT7.pdf\",\"name\":\"校历.pdf\"}],\"to\":{\"nick\":\"vuji\",\"uId\":\"uId11\",\"picture\":\"/images/shuijiao.jpg\",\"type\":1}}',3,0,'2016-06-02 22:57:40',1),(250,11,1,'{\"from\":{\"nick\":\"vuji\",\"uId\":\"uId11\",\"picture\":\"/images/shuijiao.jpg\"},\"msg\":\"1324\",\"to\":{\"nick\":\"用户1234133\",\"uId\":\"uId1\",\"picture\":\"/userImg/uCQa_XKaI9eBnJ14zDfbPs7n.jpg\",\"type\":1}}',1,0,'2016-06-02 23:12:26',1),(251,2,1,'{\"from\":{\"nick\":\"这是另一个账号\",\"uId\":\"uId2\",\"picture\":\"/userImg/vChKxEf4RMRPFu0o8vG9M0fw.png\"},\"msg\":\"<img src=\'/emjoy/19@2x.png\' class=\'emjoy\'/>\",\"to\":{\"nick\":\"用户1245\",\"uId\":\"uId1\",\"picture\":\"/userImg/QGzGaxqfnvM440TW7oyfWMEY.jpg\",\"type\":1}}',1,0,'2016-06-03 13:41:55',1),(252,2,1,'{\"from\":{\"nick\":\"这是另一个账号\",\"uId\":\"uId2\",\"picture\":\"/userImg/vChKxEf4RMRPFu0o8vG9M0fw.png\"},\"msg\":\"12312312<img src=\'/emjoy/19@2x.png\' class=\'emjoy\'/><img src=\'/emjoy/14@2x.png\' class=\'emjoy\'/>\",\"to\":{\"nick\":\"用户1245\",\"uId\":\"uId1\",\"picture\":\"/userImg/QGzGaxqfnvM440TW7oyfWMEY.jpg\",\"type\":1}}',1,0,'2016-06-03 13:42:02',1),(253,2,1,'{\"from\":{\"nick\":\"这是另一个账号\",\"uId\":\"uId2\",\"picture\":\"/userImg/vChKxEf4RMRPFu0o8vG9M0fw.png\"},\"msg\":[{\"linkPath\":\"/userImg/6mRVHC5d-xAxKedPUgzPKiv4.jpg\",\"name\":\"7ff1630ajw1eq2qgxix32j217l0wc7ph.jpg\"}],\"to\":{\"nick\":\"用户1245\",\"uId\":\"uId1\",\"picture\":\"/userImg/QGzGaxqfnvM440TW7oyfWMEY.jpg\",\"type\":1}}',2,0,'2016-06-03 13:42:11',1),(254,2,1,'{\"from\":{\"nick\":\"这是另一个账号\",\"uId\":\"uId2\",\"picture\":\"/userImg/vChKxEf4RMRPFu0o8vG9M0fw.png\"},\"msg\":[{\"linkPath\":\"/files/gy6hXTm6AuTEpajPRgdecbKC.pdf\",\"name\":\"校历.pdf\"}],\"to\":{\"nick\":\"用户1245\",\"uId\":\"uId1\",\"picture\":\"/userImg/QGzGaxqfnvM440TW7oyfWMEY.jpg\",\"type\":1}}',3,0,'2016-06-03 13:42:15',1),(255,11,2,'{\"from\":{\"nick\":\"vuji\",\"uId\":\"uId11\",\"picture\":\"/images/shuijiao.jpg\"},\"msg\":\"12313\",\"to\":{\"nick\":\"换个名字1234\",\"uId\":\"groupId2\",\"picture\":\"\",\"type\":2}}',1,1,'2016-06-03 13:45:21',1),(256,1,2,'{\"from\":{\"nick\":\"用户1\",\"uId\":\"uId1\",\"picture\":\"/userImg/QGzGaxqfnvM440TW7oyfWMEY.jpg\"},\"msg\":\"<img src=\'/emjoy/10@2x.png\' class=\'emjoy\'/>122314sdfgdfg<img src=\'/emjoy/33@2x.png\' class=\'emjoy\'/>\",\"to\":{\"nick\":\"用户2\",\"uId\":\"uId2\",\"picture\":\"/userImg/vChKxEf4RMRPFu0o8vG9M0fw.png\",\"type\":1}}',1,0,'2016-06-04 15:13:25',1),(257,1,2,'{\"from\":{\"nick\":\"用户1\",\"uId\":\"uId1\",\"picture\":\"/userImg/QGzGaxqfnvM440TW7oyfWMEY.jpg\"},\"msg\":[{\"linkPath\":\"/userImg/ZTo7wOdE9HRZ-Bd8g6DHZsrb.jpg\",\"name\":\"7ff1630ajw1eq2qgxix32j217l0wc7ph.jpg\"}],\"to\":{\"nick\":\"用户2\",\"uId\":\"uId2\",\"picture\":\"/userImg/vChKxEf4RMRPFu0o8vG9M0fw.png\",\"type\":1}}',2,0,'2016-06-04 15:13:33',1),(258,1,2,'{\"from\":{\"nick\":\"用户1\",\"uId\":\"uId1\",\"picture\":\"/userImg/QGzGaxqfnvM440TW7oyfWMEY.jpg\"},\"msg\":[{\"linkPath\":\"/files/XGCms9Vmmvw24LJ3M2atDJll.pdf\",\"name\":\"校历.pdf\"}],\"to\":{\"nick\":\"用户2\",\"uId\":\"uId2\",\"picture\":\"/userImg/vChKxEf4RMRPFu0o8vG9M0fw.png\",\"type\":1}}',3,0,'2016-06-04 15:13:52',1),(259,1,2,'{\"from\":{\"nick\":\"用户1\",\"uId\":\"uId1\",\"picture\":\"/userImg/QGzGaxqfnvM440TW7oyfWMEY.jpg\"},\"msg\":\"12312344\",\"to\":{\"nick\":\"换个名字1234\",\"uId\":\"groupId2\",\"picture\":\"\",\"type\":2}}',1,1,'2016-06-04 15:17:45',1),(260,2,1,'{\"from\":{\"nick\":\"用户2\",\"uId\":\"uId2\",\"picture\":\"/userImg/vChKxEf4RMRPFu0o8vG9M0fw.png\"},\"msg\":\"124234\",\"to\":{\"nick\":\"用户1\",\"uId\":\"uId1\",\"picture\":\"/userImg/QGzGaxqfnvM440TW7oyfWMEY.jpg\",\"type\":1}}',1,0,'2016-06-04 15:18:01',1);
/*!40000 ALTER TABLE `chat_msgRecord` ENABLE KEYS */;
UNLOCK TABLES;

--
-- Table structure for table `chat_resetPwd`
--

DROP TABLE IF EXISTS `chat_resetPwd`;
/*!40101 SET @saved_cs_client     = @@character_set_client */;
/*!40101 SET character_set_client = utf8 */;
CREATE TABLE `chat_resetPwd` (
  `id` int(11) NOT NULL AUTO_INCREMENT,
  `uId` int(11) NOT NULL COMMENT '用户ID',
  `verifyCode` varchar(50) NOT NULL COMMENT '验证字符串',
  `status` varchar(45) NOT NULL DEFAULT '0' COMMENT '可用（0：可用，1：不可用）',
  `create_in` timestamp NOT NULL DEFAULT CURRENT_TIMESTAMP COMMENT '创建时间',
  PRIMARY KEY (`id`),
  KEY `id_idx` (`uId`),
  CONSTRAINT `resetPwd_fk_id` FOREIGN KEY (`uId`) REFERENCES `chat_login` (`id`) ON DELETE NO ACTION ON UPDATE NO ACTION
) ENGINE=InnoDB AUTO_INCREMENT=37 DEFAULT CHARSET=utf8 COMMENT='用户找回密码验证表';
/*!40101 SET character_set_client = @saved_cs_client */;

--
-- Dumping data for table `chat_resetPwd`
--

LOCK TABLES `chat_resetPwd` WRITE;
/*!40000 ALTER TABLE `chat_resetPwd` DISABLE KEYS */;
INSERT INTO `chat_resetPwd` VALUES (3,1,'36b81e9c011b40e4d954eb420fba8ed840ae232f','1','2016-05-21 05:52:39'),(4,2,'3a11dbf51ec933146b956025026827a6fa6ae0d0','1','2016-05-21 06:20:00'),(5,1,'26a3e5ed2585802324707e706446360ab902d7dc','1','2016-05-22 01:25:05'),(6,1,'64f30f9370ef7f0245e81c81880ecbdd95aa01c1','0','2016-05-22 03:04:19'),(7,1,'9e723a51496f7beb5eeccad26ba52b6ace3e2344','0','2016-05-22 03:04:27'),(8,1,'6fe224f0bc59f33f3db1dc8357162ca36298040f','0','2016-05-22 03:04:59'),(9,1,'3bc8a09f0370bb2406f747c7e0d5b62bb8688609','0','2016-05-22 03:07:16'),(10,1,'93bd71e8ed681d4e3365e27fe1f2842f91ab3f0c','0','2016-05-22 03:09:11'),(11,1,'ee7a98c711017a1c6cb6cfe0e74d66c9b98998ea','0','2016-05-22 03:09:39'),(12,1,'1a7f7b23bcbf8340e878387f23280edfb4d2a461','0','2016-05-22 03:10:27'),(13,1,'81514cf80e77017b4ccb21aa01f634b473ee3667','0','2016-05-22 03:34:40'),(14,1,'830b6e9627e7b7990333034ece363800cd309545','0','2016-05-22 03:36:18'),(15,1,'58d606fdd0c9844a71a353ace5375d6fa924174d','0','2016-05-22 03:37:37'),(16,1,'d32714a98ad30e7bf01d7a97b8210b92c68cf980','0','2016-05-22 03:40:14'),(17,1,'127784d22711e1d27a2abe2f75e8d769d33db4d8','1','2016-05-22 03:44:23'),(18,1,'9c118abec483174471ed1ebe30e5c67f63da3e95','0','2016-05-22 03:48:32'),(19,1,'5d55387251a1f6e72f508e2dbcf421e9d87c870a','0','2016-05-22 03:49:10'),(20,1,'99bfb28fc27399c72e03a8e16c28c1dfbd980269','0','2016-05-25 06:05:44'),(21,1,'706735d8bf9de445d3bdc53cc5d85e746ad67caf','0','2016-05-25 06:06:31'),(22,1,'818176b40f2a73b4eb7d171a648627d6cac04997','0','2016-05-25 06:07:33'),(23,1,'8f21535b60331ecf835e1a52d26d9b29a94e235e','0','2016-05-25 06:09:31'),(24,1,'4647d8ba186c9764f539b2499456f6ee6c712b84','0','2016-05-25 06:09:49'),(25,1,'45cee29281358a23c4112c78436e1f9bc11fd2ab','0','2016-05-25 06:09:52'),(26,1,'6ac75e6246c3bb60efb0d471e716165bcad062fb','0','2016-05-25 06:29:06'),(27,1,'982ad64467de0b3665da781164b7a4137efff47c','0','2016-05-27 10:07:40'),(28,1,'a8d13b940fd35e3092990d4bab2f7fe0b8f04c01','0','2016-05-27 10:25:15'),(29,1,'68dbd16aa320e894c19845edb2e6b674ede69aa7','1','2016-05-27 10:25:52'),(30,1,'3c6c5e02abec852780858b39495f2821b4a23d55','1','2016-05-27 13:59:09'),(31,1,'1fdc7e5f7c6dd56b7c95d0d60f2d086e0e6f52f3','1','2016-06-01 07:10:29'),(32,11,'b54ecd2dcef849310c8221f2c7d4603dab211420','0','2016-06-02 06:58:15'),(33,11,'8dd8844f6e82f34fc2dd3e4005b248183e17bff4','0','2016-06-02 06:59:05'),(34,1,'92449fe7ac7db96dfdc398dd466afc890713a26b','1','2016-06-03 05:22:31'),(35,1,'6406416ba3b661420e245ea953ab83fb91a136eb','1','2016-06-03 05:37:27'),(36,1,'0ba5a8e027c21786cd2a69fbaacf96d66ebd4ea6','1','2016-06-04 07:08:53');
/*!40000 ALTER TABLE `chat_resetPwd` ENABLE KEYS */;
UNLOCK TABLES;
/*!40103 SET TIME_ZONE=@OLD_TIME_ZONE */;

/*!40101 SET SQL_MODE=@OLD_SQL_MODE */;
/*!40014 SET FOREIGN_KEY_CHECKS=@OLD_FOREIGN_KEY_CHECKS */;
/*!40014 SET UNIQUE_CHECKS=@OLD_UNIQUE_CHECKS */;
/*!40101 SET CHARACTER_SET_CLIENT=@OLD_CHARACTER_SET_CLIENT */;
/*!40101 SET CHARACTER_SET_RESULTS=@OLD_CHARACTER_SET_RESULTS */;
/*!40101 SET COLLATION_CONNECTION=@OLD_COLLATION_CONNECTION */;
/*!40111 SET SQL_NOTES=@OLD_SQL_NOTES */;

-- Dump completed on 2016-06-05 10:10:03
